"FREQ","R1(1)[X=0.00]","R1(1)[X=100m]","R1(1)[X=200m]","R1(1)[X=300m]","R1(1)[X=400m]","R1(1)[X=500m]","R1(1)[X=600m]","R1(1)[X=700m]","R1(1)[X=800m]","R1(1)[X=900m]","R1(1)[X=1.00]"
100000,0.00024932,0.00024932,0.00024932,0.00024932,0.00024932,0.00024932,0.00024932,0.00024932,0.00024932,0.00024932,0.00024932
107907.9079,0.000269045,0.000269045,0.000269045,0.000269045,0.000269045,0.000269045,0.000269045,0.000269045,0.000269045,0.000269045,0.000269045
115815.8158,0.000288771,0.000288771,0.000288771,0.000288771,0.000288771,0.000288771,0.000288771,0.000288771,0.000288771,0.000288771,0.000288771
123723.7237,0.0003085,0.0003085,0.0003085,0.0003085,0.0003085,0.0003085,0.0003085,0.0003085,0.0003085,0.0003085,0.0003085
131631.6316,0.000328231,0.000328231,0.000328231,0.000328231,0.000328231,0.000328231,0.000328231,0.000328231,0.000328231,0.000328231,0.000328231
139539.5395,0.000347964,0.000347964,0.000347964,0.000347964,0.000347964,0.000347964,0.000347964,0.000347964,0.000347964,0.000347964,0.000347964
147447.4474,0.0003677,0.0003677,0.0003677,0.0003677,0.0003677,0.0003677,0.0003677,0.0003677,0.0003677,0.0003677,0.0003677
155355.3554,0.000387439,0.000387439,0.000387439,0.000387439,0.000387439,0.000387439,0.000387439,0.000387439,0.000387439,0.000387439,0.000387439
163263.2633,0.000407181,0.000407181,0.000407181,0.000407181,0.000407181,0.000407181,0.000407181,0.000407181,0.000407181,0.000407181,0.000407181
171171.1712,0.000426925,0.000426925,0.000426925,0.000426925,0.000426925,0.000426925,0.000426925,0.000426925,0.000426925,0.000426925,0.000426925
179079.0791,0.000446673,0.000446673,0.000446673,0.000446673,0.000446673,0.000446673,0.000446673,0.000446673,0.000446673,0.000446673,0.000446673
186986.987,0.000466424,0.000466424,0.000466424,0.000466424,0.000466424,0.000466424,0.000466424,0.000466424,0.000466424,0.000466424,0.000466424
194894.8949,0.000486178,0.000486178,0.000486178,0.000486178,0.000486178,0.000486178,0.000486178,0.000486178,0.000486178,0.000486178,0.000486178
202802.8028,0.000505936,0.000505936,0.000505936,0.000505936,0.000505936,0.000505936,0.000505936,0.000505936,0.000505936,0.000505936,0.000505936
210710.7107,0.000525698,0.000525698,0.000525698,0.000525698,0.000525698,0.000525698,0.000525698,0.000525698,0.000525698,0.000525698,0.000525698
218618.6186,0.000545463,0.000545463,0.000545463,0.000545463,0.000545463,0.000545463,0.000545463,0.000545463,0.000545463,0.000545463,0.000545463
226526.5265,0.000565233,0.000565233,0.000565233,0.000565233,0.000565233,0.000565233,0.000565233,0.000565233,0.000565233,0.000565233,0.000565233
234434.4344,0.000585007,0.000585007,0.000585007,0.000585007,0.000585007,0.000585007,0.000585007,0.000585007,0.000585007,0.000585007,0.000585007
242342.3423,0.000604785,0.000604785,0.000604785,0.000604785,0.000604785,0.000604785,0.000604785,0.000604785,0.000604785,0.000604785,0.000604785
250250.2503,0.000624567,0.000624567,0.000624567,0.000624567,0.000624567,0.000624567,0.000624567,0.000624567,0.000624567,0.000624567,0.000624567
258158.1582,0.000644354,0.000644354,0.000644354,0.000644354,0.000644354,0.000644354,0.000644354,0.000644354,0.000644354,0.000644354,0.000644354
266066.0661,0.000664146,0.000664146,0.000664146,0.000664146,0.000664146,0.000664146,0.000664146,0.000664146,0.000664146,0.000664146,0.000664146
273973.974,0.000683943,0.000683943,0.000683943,0.000683943,0.000683943,0.000683943,0.000683943,0.000683943,0.000683943,0.000683943,0.000683943
281881.8819,0.000703745,0.000703745,0.000703745,0.000703745,0.000703745,0.000703745,0.000703745,0.000703745,0.000703745,0.000703745,0.000703745
289789.7898,0.000723552,0.000723552,0.000723552,0.000723552,0.000723552,0.000723552,0.000723552,0.000723552,0.000723552,0.000723552,0.000723552
297697.6977,0.000743364,0.000743364,0.000743364,0.000743364,0.000743364,0.000743364,0.000743364,0.000743364,0.000743364,0.000743364,0.000743364
305605.6056,0.000763182,0.000763182,0.000763182,0.000763182,0.000763182,0.000763182,0.000763182,0.000763182,0.000763182,0.000763182,0.000763182
313513.5135,0.000783005,0.000783005,0.000783005,0.000783005,0.000783005,0.000783005,0.000783005,0.000783005,0.000783005,0.000783005,0.000783005
321421.4214,0.000802834,0.000802834,0.000802834,0.000802834,0.000802834,0.000802834,0.000802834,0.000802834,0.000802834,0.000802834,0.000802834
329329.3293,0.000822669,0.000822669,0.000822669,0.000822669,0.000822669,0.000822669,0.000822669,0.000822669,0.000822669,0.000822669,0.000822669
337237.2372,0.000842511,0.000842511,0.000842511,0.000842511,0.000842511,0.000842511,0.000842511,0.000842511,0.000842511,0.000842511,0.000842511
345145.1451,0.000862358,0.000862358,0.000862358,0.000862358,0.000862358,0.000862358,0.000862358,0.000862358,0.000862358,0.000862358,0.000862358
353053.0531,0.000882212,0.000882212,0.000882212,0.000882212,0.000882212,0.000882212,0.000882212,0.000882212,0.000882212,0.000882212,0.000882212
360960.961,0.000902072,0.000902072,0.000902072,0.000902072,0.000902072,0.000902072,0.000902072,0.000902072,0.000902072,0.000902072,0.000902072
368868.8689,0.000921939,0.000921939,0.000921939,0.000921939,0.000921939,0.000921939,0.000921939,0.000921939,0.000921939,0.000921939,0.000921939
376776.7768,0.000941813,0.000941813,0.000941813,0.000941813,0.000941813,0.000941813,0.000941813,0.000941813,0.000941813,0.000941813,0.000941813
384684.6847,0.000961693,0.000961693,0.000961693,0.000961693,0.000961693,0.000961693,0.000961693,0.000961693,0.000961693,0.000961693,0.000961693
392592.5926,0.000981581,0.000981581,0.000981581,0.000981581,0.000981581,0.000981581,0.000981581,0.000981581,0.000981581,0.000981581,0.000981581
400500.5005,0.00100148,0.00100148,0.00100148,0.00100148,0.00100148,0.00100148,0.00100148,0.00100148,0.00100148,0.00100148,0.00100148
408408.4084,0.00102138,0.00102138,0.00102138,0.00102138,0.00102138,0.00102138,0.00102138,0.00102138,0.00102138,0.00102138,0.00102138
416316.3163,0.00104129,0.00104129,0.00104129,0.00104129,0.00104129,0.00104129,0.00104129,0.00104129,0.00104129,0.00104129,0.00104129
424224.2242,0.00106121,0.00106121,0.00106121,0.00106121,0.00106121,0.00106121,0.00106121,0.00106121,0.00106121,0.00106121,0.00106121
432132.1321,0.00108113,0.00108113,0.00108113,0.00108113,0.00108113,0.00108113,0.00108113,0.00108113,0.00108113,0.00108113,0.00108113
440040.04,0.00110107,0.00110107,0.00110107,0.00110107,0.00110107,0.00110107,0.00110107,0.00110107,0.00110107,0.00110107,0.00110107
447947.9479,0.00112101,0.00112101,0.00112101,0.00112101,0.00112101,0.00112101,0.00112101,0.00112101,0.00112101,0.00112101,0.00112101
455855.8559,0.00114096,0.00114096,0.00114096,0.00114096,0.00114096,0.00114096,0.00114096,0.00114096,0.00114096,0.00114096,0.00114096
463763.7638,0.00116092,0.00116092,0.00116092,0.00116092,0.00116092,0.00116092,0.00116092,0.00116092,0.00116092,0.00116092,0.00116092
471671.6717,0.00118088,0.00118088,0.00118088,0.00118088,0.00118088,0.00118088,0.00118088,0.00118088,0.00118088,0.00118088,0.00118088
479579.5796,0.00120086,0.00120086,0.00120086,0.00120086,0.00120086,0.00120086,0.00120086,0.00120086,0.00120086,0.00120086,0.00120086
487487.4875,0.00122084,0.00122084,0.00122084,0.00122084,0.00122084,0.00122084,0.00122084,0.00122084,0.00122084,0.00122084,0.00122084
495395.3954,0.00124084,0.00124084,0.00124084,0.00124084,0.00124084,0.00124084,0.00124084,0.00124084,0.00124084,0.00124084,0.00124084
503303.3033,0.00126084,0.00126084,0.00126084,0.00126084,0.00126084,0.00126084,0.00126084,0.00126084,0.00126084,0.00126084,0.00126084
511211.2112,0.00128085,0.00128085,0.00128085,0.00128085,0.00128085,0.00128085,0.00128085,0.00128085,0.00128085,0.00128085,0.00128085
519119.1191,0.00130088,0.00130088,0.00130088,0.00130088,0.00130088,0.00130088,0.00130088,0.00130088,0.00130088,0.00130088,0.00130088
527027.027,0.00132091,0.00132091,0.00132091,0.00132091,0.00132091,0.00132091,0.00132091,0.00132091,0.00132091,0.00132091,0.00132091
534934.9349,0.00134095,0.00134095,0.00134095,0.00134095,0.00134095,0.00134095,0.00134095,0.00134095,0.00134095,0.00134095,0.00134095
542842.8428,0.001361,0.001361,0.001361,0.001361,0.001361,0.001361,0.001361,0.001361,0.001361,0.001361,0.001361
550750.7508,0.00138106,0.00138106,0.00138106,0.00138106,0.00138106,0.00138106,0.00138106,0.00138106,0.00138106,0.00138106,0.00138106
558658.6587,0.00140113,0.00140113,0.00140113,0.00140113,0.00140113,0.00140113,0.00140113,0.00140113,0.00140113,0.00140113,0.00140113
566566.5666,0.00142122,0.00142122,0.00142122,0.00142122,0.00142122,0.00142122,0.00142122,0.00142122,0.00142122,0.00142122,0.00142122
574474.4745,0.00144131,0.00144131,0.00144131,0.00144131,0.00144131,0.00144131,0.00144131,0.00144131,0.00144131,0.00144131,0.00144131
582382.3824,0.00146141,0.00146141,0.00146141,0.00146141,0.00146141,0.00146141,0.00146141,0.00146141,0.00146141,0.00146141,0.00146141
590290.2903,0.00148153,0.00148153,0.00148153,0.00148153,0.00148153,0.00148153,0.00148153,0.00148153,0.00148153,0.00148153,0.00148153
598198.1982,0.00150165,0.00150165,0.00150165,0.00150165,0.00150165,0.00150165,0.00150165,0.00150165,0.00150165,0.00150165,0.00150165
606106.1061,0.00152179,0.00152179,0.00152179,0.00152179,0.00152179,0.00152179,0.00152179,0.00152179,0.00152179,0.00152179,0.00152179
614014.014,0.00154194,0.00154194,0.00154194,0.00154194,0.00154194,0.00154194,0.00154194,0.00154194,0.00154194,0.00154194,0.00154194
621921.9219,0.0015621,0.0015621,0.0015621,0.0015621,0.0015621,0.0015621,0.0015621,0.0015621,0.0015621,0.0015621,0.0015621
629829.8298,0.00158227,0.00158227,0.00158227,0.00158227,0.00158227,0.00158227,0.00158227,0.00158227,0.00158227,0.00158227,0.00158227
637737.7377,0.00160245,0.00160245,0.00160245,0.00160245,0.00160245,0.00160245,0.00160245,0.00160245,0.00160245,0.00160245,0.00160245
645645.6456,0.00162265,0.00162265,0.00162265,0.00162265,0.00162265,0.00162265,0.00162265,0.00162265,0.00162265,0.00162265,0.00162265
653553.5536,0.00164285,0.00164285,0.00164285,0.00164285,0.00164285,0.00164285,0.00164285,0.00164285,0.00164285,0.00164285,0.00164285
661461.4615,0.00166307,0.00166307,0.00166307,0.00166307,0.00166307,0.00166307,0.00166307,0.00166307,0.00166307,0.00166307,0.00166307
669369.3694,0.00168331,0.00168331,0.00168331,0.00168331,0.00168331,0.00168331,0.00168331,0.00168331,0.00168331,0.00168331,0.00168331
677277.2773,0.00170355,0.00170355,0.00170355,0.00170355,0.00170355,0.00170355,0.00170355,0.00170355,0.00170355,0.00170355,0.00170355
685185.1852,0.00172381,0.00172381,0.00172381,0.00172381,0.00172381,0.00172381,0.00172381,0.00172381,0.00172381,0.00172381,0.00172381
693093.0931,0.00174408,0.00174408,0.00174408,0.00174408,0.00174408,0.00174408,0.00174408,0.00174408,0.00174408,0.00174408,0.00174408
701001.001,0.00176436,0.00176436,0.00176436,0.00176436,0.00176436,0.00176436,0.00176436,0.00176436,0.00176436,0.00176436,0.00176436
708908.9089,0.00178466,0.00178466,0.00178466,0.00178466,0.00178466,0.00178466,0.00178466,0.00178466,0.00178466,0.00178466,0.00178466
716816.8168,0.00180497,0.00180497,0.00180497,0.00180497,0.00180497,0.00180497,0.00180497,0.00180497,0.00180497,0.00180497,0.00180497
724724.7247,0.00182529,0.00182529,0.00182529,0.00182529,0.00182529,0.00182529,0.00182529,0.00182529,0.00182529,0.00182529,0.00182529
732632.6326,0.00184563,0.00184563,0.00184563,0.00184563,0.00184563,0.00184563,0.00184563,0.00184563,0.00184563,0.00184563,0.00184563
740540.5405,0.00186598,0.00186598,0.00186598,0.00186598,0.00186598,0.00186598,0.00186598,0.00186598,0.00186598,0.00186598,0.00186598
748448.4484,0.00188635,0.00188635,0.00188635,0.00188635,0.00188635,0.00188635,0.00188635,0.00188635,0.00188635,0.00188635,0.00188635
756356.3564,0.00190673,0.00190673,0.00190673,0.00190673,0.00190673,0.00190673,0.00190673,0.00190673,0.00190673,0.00190673,0.00190673
764264.2643,0.00192712,0.00192712,0.00192712,0.00192712,0.00192712,0.00192712,0.00192712,0.00192712,0.00192712,0.00192712,0.00192712
772172.1722,0.00194753,0.00194753,0.00194753,0.00194753,0.00194753,0.00194753,0.00194753,0.00194753,0.00194753,0.00194753,0.00194753
780080.0801,0.00196795,0.00196795,0.00196795,0.00196795,0.00196795,0.00196795,0.00196795,0.00196795,0.00196795,0.00196795,0.00196795
787987.988,0.00198839,0.00198839,0.00198839,0.00198839,0.00198839,0.00198839,0.00198839,0.00198839,0.00198839,0.00198839,0.00198839
795895.8959,0.00200884,0.00200884,0.00200884,0.00200884,0.00200884,0.00200884,0.00200884,0.00200884,0.00200884,0.00200884,0.00200884
803803.8038,0.00202931,0.00202931,0.00202931,0.00202931,0.00202931,0.00202931,0.00202931,0.00202931,0.00202931,0.00202931,0.00202931
811711.7117,0.0020498,0.0020498,0.0020498,0.0020498,0.0020498,0.0020498,0.0020498,0.0020498,0.0020498,0.0020498,0.0020498
819619.6196,0.0020703,0.0020703,0.0020703,0.0020703,0.0020703,0.0020703,0.0020703,0.0020703,0.0020703,0.0020703,0.0020703
827527.5275,0.00209081,0.00209081,0.00209081,0.00209081,0.00209081,0.00209081,0.00209081,0.00209081,0.00209081,0.00209081,0.00209081
835435.4354,0.00211134,0.00211134,0.00211134,0.00211134,0.00211134,0.00211134,0.00211134,0.00211134,0.00211134,0.00211134,0.00211134
843343.3433,0.00213189,0.00213189,0.00213189,0.00213189,0.00213189,0.00213189,0.00213189,0.00213189,0.00213189,0.00213189,0.00213189
851251.2513,0.00215245,0.00215245,0.00215245,0.00215245,0.00215245,0.00215245,0.00215245,0.00215245,0.00215245,0.00215245,0.00215245
859159.1592,0.00217303,0.00217303,0.00217303,0.00217303,0.00217303,0.00217303,0.00217303,0.00217303,0.00217303,0.00217303,0.00217303
867067.0671,0.00219363,0.00219363,0.00219363,0.00219363,0.00219363,0.00219363,0.00219363,0.00219363,0.00219363,0.00219363,0.00219363
874974.975,0.00221424,0.00221424,0.00221424,0.00221424,0.00221424,0.00221424,0.00221424,0.00221424,0.00221424,0.00221424,0.00221424
882882.8829,0.00223487,0.00223487,0.00223487,0.00223487,0.00223487,0.00223487,0.00223487,0.00223487,0.00223487,0.00223487,0.00223487
890790.7908,0.00225551,0.00225551,0.00225551,0.00225551,0.00225551,0.00225551,0.00225551,0.00225551,0.00225551,0.00225551,0.00225551
898698.6987,0.00227618,0.00227618,0.00227618,0.00227618,0.00227618,0.00227618,0.00227618,0.00227618,0.00227618,0.00227618,0.00227618
906606.6066,0.00229686,0.00229686,0.00229686,0.00229686,0.00229686,0.00229686,0.00229686,0.00229686,0.00229686,0.00229686,0.00229686
914514.5145,0.00231756,0.00231756,0.00231756,0.00231756,0.00231756,0.00231756,0.00231756,0.00231756,0.00231756,0.00231756,0.00231756
922422.4224,0.00233827,0.00233827,0.00233827,0.00233827,0.00233827,0.00233827,0.00233827,0.00233827,0.00233827,0.00233827,0.00233827
930330.3303,0.00235901,0.00235901,0.00235901,0.00235901,0.00235901,0.00235901,0.00235901,0.00235901,0.00235901,0.00235901,0.00235901
938238.2382,0.00237976,0.00237976,0.00237976,0.00237976,0.00237976,0.00237976,0.00237976,0.00237976,0.00237976,0.00237976,0.00237976
946146.1461,0.00240053,0.00240053,0.00240053,0.00240053,0.00240053,0.00240053,0.00240053,0.00240053,0.00240053,0.00240053,0.00240053
954054.0541,0.00242132,0.00242132,0.00242132,0.00242132,0.00242132,0.00242132,0.00242132,0.00242132,0.00242132,0.00242132,0.00242132
961961.962,0.00244212,0.00244212,0.00244212,0.00244212,0.00244212,0.00244212,0.00244212,0.00244212,0.00244212,0.00244212,0.00244212
969869.8699,0.00246295,0.00246295,0.00246295,0.00246295,0.00246295,0.00246295,0.00246295,0.00246295,0.00246295,0.00246295,0.00246295
977777.7778,0.00248379,0.00248379,0.00248379,0.00248379,0.00248379,0.00248379,0.00248379,0.00248379,0.00248379,0.00248379,0.00248379
985685.6857,0.00250466,0.00250466,0.00250466,0.00250466,0.00250466,0.00250466,0.00250466,0.00250466,0.00250466,0.00250466,0.00250466
993593.5936,0.00252554,0.00252554,0.00252554,0.00252554,0.00252554,0.00252554,0.00252554,0.00252554,0.00252554,0.00252554,0.00252554
1001501.502,0.00254644,0.00254644,0.00254644,0.00254644,0.00254644,0.00254644,0.00254644,0.00254644,0.00254644,0.00254644,0.00254644
1009409.409,0.00256736,0.00256736,0.00256736,0.00256736,0.00256736,0.00256736,0.00256736,0.00256736,0.00256736,0.00256736,0.00256736
1017317.317,0.00258831,0.00258831,0.00258831,0.00258831,0.00258831,0.00258831,0.00258831,0.00258831,0.00258831,0.00258831,0.00258831
1025225.225,0.00260927,0.00260927,0.00260927,0.00260927,0.00260927,0.00260927,0.00260927,0.00260927,0.00260927,0.00260927,0.00260927
1033133.133,0.00263025,0.00263025,0.00263025,0.00263025,0.00263025,0.00263025,0.00263025,0.00263025,0.00263025,0.00263025,0.00263025
1041041.041,0.00265125,0.00265125,0.00265125,0.00265125,0.00265125,0.00265125,0.00265125,0.00265125,0.00265125,0.00265125,0.00265125
1048948.949,0.00267227,0.00267227,0.00267227,0.00267227,0.00267227,0.00267227,0.00267227,0.00267227,0.00267227,0.00267227,0.00267227
1056856.857,0.00269332,0.00269332,0.00269332,0.00269332,0.00269332,0.00269332,0.00269332,0.00269332,0.00269332,0.00269332,0.00269332
1064764.765,0.00271438,0.00271438,0.00271438,0.00271438,0.00271438,0.00271438,0.00271438,0.00271438,0.00271438,0.00271438,0.00271438
1072672.673,0.00273547,0.00273547,0.00273547,0.00273547,0.00273547,0.00273547,0.00273547,0.00273547,0.00273547,0.00273547,0.00273547
1080580.581,0.00275657,0.00275657,0.00275657,0.00275657,0.00275657,0.00275657,0.00275657,0.00275657,0.00275657,0.00275657,0.00275657
1088488.488,0.0027777,0.0027777,0.0027777,0.0027777,0.0027777,0.0027777,0.0027777,0.0027777,0.0027777,0.0027777,0.0027777
1096396.396,0.00279885,0.00279885,0.00279885,0.00279885,0.00279885,0.00279885,0.00279885,0.00279885,0.00279885,0.00279885,0.00279885
1104304.304,0.00282002,0.00282002,0.00282002,0.00282002,0.00282002,0.00282002,0.00282002,0.00282002,0.00282002,0.00282002,0.00282002
1112212.212,0.00284121,0.00284121,0.00284121,0.00284121,0.00284121,0.00284121,0.00284121,0.00284121,0.00284121,0.00284121,0.00284121
1120120.12,0.00286243,0.00286243,0.00286243,0.00286243,0.00286243,0.00286243,0.00286243,0.00286243,0.00286243,0.00286243,0.00286243
1128028.028,0.00288366,0.00288366,0.00288366,0.00288366,0.00288366,0.00288366,0.00288366,0.00288366,0.00288366,0.00288366,0.00288366
1135935.936,0.00290492,0.00290492,0.00290492,0.00290492,0.00290492,0.00290492,0.00290492,0.00290492,0.00290492,0.00290492,0.00290492
1143843.844,0.00292621,0.00292621,0.00292621,0.00292621,0.00292621,0.00292621,0.00292621,0.00292621,0.00292621,0.00292621,0.00292621
1151751.752,0.00294751,0.00294751,0.00294751,0.00294751,0.00294751,0.00294751,0.00294751,0.00294751,0.00294751,0.00294751,0.00294751
1159659.66,0.00296884,0.00296884,0.00296884,0.00296884,0.00296884,0.00296884,0.00296884,0.00296884,0.00296884,0.00296884,0.00296884
1167567.568,0.00299019,0.00299019,0.00299019,0.00299019,0.00299019,0.00299019,0.00299019,0.00299019,0.00299019,0.00299019,0.00299019
1175475.475,0.00301156,0.00301156,0.00301156,0.00301156,0.00301156,0.00301156,0.00301156,0.00301156,0.00301156,0.00301156,0.00301156
1183383.383,0.00303296,0.00303296,0.00303296,0.00303296,0.00303296,0.00303296,0.00303296,0.00303296,0.00303296,0.00303296,0.00303296
1191291.291,0.00305438,0.00305438,0.00305438,0.00305438,0.00305438,0.00305438,0.00305438,0.00305438,0.00305438,0.00305438,0.00305438
1199199.199,0.00307583,0.00307583,0.00307583,0.00307583,0.00307583,0.00307583,0.00307583,0.00307583,0.00307583,0.00307583,0.00307583
1207107.107,0.0030973,0.0030973,0.0030973,0.0030973,0.0030973,0.0030973,0.0030973,0.0030973,0.0030973,0.0030973,0.0030973
1215015.015,0.00311879,0.00311879,0.00311879,0.00311879,0.00311879,0.00311879,0.00311879,0.00311879,0.00311879,0.00311879,0.00311879
1222922.923,0.00314031,0.00314031,0.00314031,0.00314031,0.00314031,0.00314031,0.00314031,0.00314031,0.00314031,0.00314031,0.00314031
1230830.831,0.00316186,0.00316186,0.00316186,0.00316186,0.00316186,0.00316186,0.00316186,0.00316186,0.00316186,0.00316186,0.00316186
1238738.739,0.00318342,0.00318342,0.00318342,0.00318342,0.00318342,0.00318342,0.00318342,0.00318342,0.00318342,0.00318342,0.00318342
1246646.647,0.00320502,0.00320502,0.00320502,0.00320502,0.00320502,0.00320502,0.00320502,0.00320502,0.00320502,0.00320502,0.00320502
1254554.555,0.00322664,0.00322664,0.00322664,0.00322664,0.00322664,0.00322664,0.00322664,0.00322664,0.00322664,0.00322664,0.00322664
1262462.462,0.00324828,0.00324828,0.00324828,0.00324828,0.00324828,0.00324828,0.00324828,0.00324828,0.00324828,0.00324828,0.00324828
1270370.37,0.00326995,0.00326995,0.00326995,0.00326995,0.00326995,0.00326995,0.00326995,0.00326995,0.00326995,0.00326995,0.00326995
1278278.278,0.00329165,0.00329165,0.00329165,0.00329165,0.00329165,0.00329165,0.00329165,0.00329165,0.00329165,0.00329165,0.00329165
1286186.186,0.00331337,0.00331337,0.00331337,0.00331337,0.00331337,0.00331337,0.00331337,0.00331337,0.00331337,0.00331337,0.00331337
1294094.094,0.00333512,0.00333512,0.00333512,0.00333512,0.00333512,0.00333512,0.00333512,0.00333512,0.00333512,0.00333512,0.00333512
1302002.002,0.00335689,0.00335689,0.00335689,0.00335689,0.00335689,0.00335689,0.00335689,0.00335689,0.00335689,0.00335689,0.00335689
1309909.91,0.00337869,0.00337869,0.00337869,0.00337869,0.00337869,0.00337869,0.00337869,0.00337869,0.00337869,0.00337869,0.00337869
1317817.818,0.00340052,0.00340052,0.00340052,0.00340052,0.00340052,0.00340052,0.00340052,0.00340052,0.00340052,0.00340052,0.00340052
1325725.726,0.00342238,0.00342238,0.00342238,0.00342238,0.00342238,0.00342238,0.00342238,0.00342238,0.00342238,0.00342238,0.00342238
1333633.634,0.00344426,0.00344426,0.00344426,0.00344426,0.00344426,0.00344426,0.00344426,0.00344426,0.00344426,0.00344426,0.00344426
1341541.542,0.00346617,0.00346617,0.00346617,0.00346617,0.00346617,0.00346617,0.00346617,0.00346617,0.00346617,0.00346617,0.00346617
1349449.449,0.00348811,0.00348811,0.00348811,0.00348811,0.00348811,0.00348811,0.00348811,0.00348811,0.00348811,0.00348811,0.00348811
1357357.357,0.00351007,0.00351007,0.00351007,0.00351007,0.00351007,0.00351007,0.00351007,0.00351007,0.00351007,0.00351007,0.00351007
1365265.265,0.00353207,0.00353207,0.00353207,0.00353207,0.00353207,0.00353207,0.00353207,0.00353207,0.00353207,0.00353207,0.00353207
1373173.173,0.00355409,0.00355409,0.00355409,0.00355409,0.00355409,0.00355409,0.00355409,0.00355409,0.00355409,0.00355409,0.00355409
1381081.081,0.00357614,0.00357614,0.00357614,0.00357614,0.00357614,0.00357614,0.00357614,0.00357614,0.00357614,0.00357614,0.00357614
1388988.989,0.00359822,0.00359822,0.00359822,0.00359822,0.00359822,0.00359822,0.00359822,0.00359822,0.00359822,0.00359822,0.00359822
1396896.897,0.00362033,0.00362033,0.00362033,0.00362033,0.00362033,0.00362033,0.00362033,0.00362033,0.00362033,0.00362033,0.00362033
1404804.805,0.00364246,0.00364246,0.00364246,0.00364246,0.00364246,0.00364246,0.00364246,0.00364246,0.00364246,0.00364246,0.00364246
1412712.713,0.00366463,0.00366463,0.00366463,0.00366463,0.00366463,0.00366463,0.00366463,0.00366463,0.00366463,0.00366463,0.00366463
1420620.621,0.00368682,0.00368682,0.00368682,0.00368682,0.00368682,0.00368682,0.00368682,0.00368682,0.00368682,0.00368682,0.00368682
1428528.529,0.00370905,0.00370905,0.00370905,0.00370905,0.00370905,0.00370905,0.00370905,0.00370905,0.00370905,0.00370905,0.00370905
1436436.436,0.00373131,0.00373131,0.00373131,0.00373131,0.00373131,0.00373131,0.00373131,0.00373131,0.00373131,0.00373131,0.00373131
1444344.344,0.00375359,0.00375359,0.00375359,0.00375359,0.00375359,0.00375359,0.00375359,0.00375359,0.00375359,0.00375359,0.00375359
1452252.252,0.00377591,0.00377591,0.00377591,0.00377591,0.00377591,0.00377591,0.00377591,0.00377591,0.00377591,0.00377591,0.00377591
1460160.16,0.00379825,0.00379825,0.00379825,0.00379825,0.00379825,0.00379825,0.00379825,0.00379825,0.00379825,0.00379825,0.00379825
1468068.068,0.00382063,0.00382063,0.00382063,0.00382063,0.00382063,0.00382063,0.00382063,0.00382063,0.00382063,0.00382063,0.00382063
1475975.976,0.00384304,0.00384304,0.00384304,0.00384304,0.00384304,0.00384304,0.00384304,0.00384304,0.00384304,0.00384304,0.00384304
1483883.884,0.00386548,0.00386548,0.00386548,0.00386548,0.00386548,0.00386548,0.00386548,0.00386548,0.00386548,0.00386548,0.00386548
1491791.792,0.00388795,0.00388795,0.00388795,0.00388795,0.00388795,0.00388795,0.00388795,0.00388795,0.00388795,0.00388795,0.00388795
1499699.7,0.00391045,0.00391045,0.00391045,0.00391045,0.00391045,0.00391045,0.00391045,0.00391045,0.00391045,0.00391045,0.00391045
1507607.608,0.00393299,0.00393299,0.00393299,0.00393299,0.00393299,0.00393299,0.00393299,0.00393299,0.00393299,0.00393299,0.00393299
1515515.516,0.00395555,0.00395555,0.00395555,0.00395555,0.00395555,0.00395555,0.00395555,0.00395555,0.00395555,0.00395555,0.00395555
1523423.423,0.00397815,0.00397815,0.00397815,0.00397815,0.00397815,0.00397815,0.00397815,0.00397815,0.00397815,0.00397815,0.00397815
1531331.331,0.00400079,0.00400079,0.00400079,0.00400079,0.00400079,0.00400079,0.00400079,0.00400079,0.00400079,0.00400079,0.00400079
1539239.239,0.00402345,0.00402345,0.00402345,0.00402345,0.00402345,0.00402345,0.00402345,0.00402345,0.00402345,0.00402345,0.00402345
1547147.147,0.00404615,0.00404615,0.00404615,0.00404615,0.00404615,0.00404615,0.00404615,0.00404615,0.00404615,0.00404615,0.00404615
1555055.055,0.00406888,0.00406888,0.00406888,0.00406888,0.00406888,0.00406888,0.00406888,0.00406888,0.00406888,0.00406888,0.00406888
1562962.963,0.00409164,0.00409164,0.00409164,0.00409164,0.00409164,0.00409164,0.00409164,0.00409164,0.00409164,0.00409164,0.00409164
1570870.871,0.00411444,0.00411444,0.00411444,0.00411444,0.00411444,0.00411444,0.00411444,0.00411444,0.00411444,0.00411444,0.00411444
1578778.779,0.00413727,0.00413727,0.00413727,0.00413727,0.00413727,0.00413727,0.00413727,0.00413727,0.00413727,0.00413727,0.00413727
1586686.687,0.00416014,0.00416014,0.00416014,0.00416014,0.00416014,0.00416014,0.00416014,0.00416014,0.00416014,0.00416014,0.00416014
1594594.595,0.00418304,0.00418304,0.00418304,0.00418304,0.00418304,0.00418304,0.00418304,0.00418304,0.00418304,0.00418304,0.00418304
1602502.503,0.00420597,0.00420597,0.00420597,0.00420597,0.00420597,0.00420597,0.00420597,0.00420597,0.00420597,0.00420597,0.00420597
1610410.41,0.00422894,0.00422894,0.00422894,0.00422894,0.00422894,0.00422894,0.00422894,0.00422894,0.00422894,0.00422894,0.00422894
1618318.318,0.00425195,0.00425195,0.00425195,0.00425195,0.00425195,0.00425195,0.00425195,0.00425195,0.00425195,0.00425195,0.00425195
1626226.226,0.00427499,0.00427499,0.00427499,0.00427499,0.00427499,0.00427499,0.00427499,0.00427499,0.00427499,0.00427499,0.00427499
1634134.134,0.00429806,0.00429806,0.00429806,0.00429806,0.00429806,0.00429806,0.00429806,0.00429806,0.00429806,0.00429806,0.00429806
1642042.042,0.00432117,0.00432117,0.00432117,0.00432117,0.00432117,0.00432117,0.00432117,0.00432117,0.00432117,0.00432117,0.00432117
1649949.95,0.00434432,0.00434432,0.00434432,0.00434432,0.00434432,0.00434432,0.00434432,0.00434432,0.00434432,0.00434432,0.00434432
1657857.858,0.0043675,0.0043675,0.0043675,0.0043675,0.0043675,0.0043675,0.0043675,0.0043675,0.0043675,0.0043675,0.0043675
1665765.766,0.00439072,0.00439072,0.00439072,0.00439072,0.00439072,0.00439072,0.00439072,0.00439072,0.00439072,0.00439072,0.00439072
1673673.674,0.00441398,0.00441398,0.00441398,0.00441398,0.00441398,0.00441398,0.00441398,0.00441398,0.00441398,0.00441398,0.00441398
1681581.582,0.00443727,0.00443727,0.00443727,0.00443727,0.00443727,0.00443727,0.00443727,0.00443727,0.00443727,0.00443727,0.00443727
1689489.489,0.0044606,0.0044606,0.0044606,0.0044606,0.0044606,0.0044606,0.0044606,0.0044606,0.0044606,0.0044606,0.0044606
1697397.397,0.00448397,0.00448397,0.00448397,0.00448397,0.00448397,0.00448397,0.00448397,0.00448397,0.00448397,0.00448397,0.00448397
1705305.305,0.00450738,0.00450738,0.00450738,0.00450738,0.00450738,0.00450738,0.00450738,0.00450738,0.00450738,0.00450738,0.00450738
1713213.213,0.00453082,0.00453082,0.00453082,0.00453082,0.00453082,0.00453082,0.00453082,0.00453082,0.00453082,0.00453082,0.00453082
1721121.121,0.0045543,0.0045543,0.0045543,0.0045543,0.0045543,0.0045543,0.0045543,0.0045543,0.0045543,0.0045543,0.0045543
1729029.029,0.00457782,0.00457782,0.00457782,0.00457782,0.00457782,0.00457782,0.00457782,0.00457782,0.00457782,0.00457782,0.00457782
1736936.937,0.00460138,0.00460138,0.00460138,0.00460138,0.00460138,0.00460138,0.00460138,0.00460138,0.00460138,0.00460138,0.00460138
1744844.845,0.00462498,0.00462498,0.00462498,0.00462498,0.00462498,0.00462498,0.00462498,0.00462498,0.00462498,0.00462498,0.00462498
1752752.753,0.00464862,0.00464862,0.00464862,0.00464862,0.00464862,0.00464862,0.00464862,0.00464862,0.00464862,0.00464862,0.00464862
1760660.661,0.00467229,0.00467229,0.00467229,0.00467229,0.00467229,0.00467229,0.00467229,0.00467229,0.00467229,0.00467229,0.00467229
1768568.569,0.00469601,0.00469601,0.00469601,0.00469601,0.00469601,0.00469601,0.00469601,0.00469601,0.00469601,0.00469601,0.00469601
1776476.476,0.00471976,0.00471976,0.00471976,0.00471976,0.00471976,0.00471976,0.00471976,0.00471976,0.00471976,0.00471976,0.00471976
1784384.384,0.00474356,0.00474356,0.00474356,0.00474356,0.00474356,0.00474356,0.00474356,0.00474356,0.00474356,0.00474356,0.00474356
1792292.292,0.0047674,0.0047674,0.0047674,0.0047674,0.0047674,0.0047674,0.0047674,0.0047674,0.0047674,0.0047674,0.0047674
1800200.2,0.00479127,0.00479127,0.00479127,0.00479127,0.00479127,0.00479127,0.00479127,0.00479127,0.00479127,0.00479127,0.00479127
1808108.108,0.00481519,0.00481519,0.00481519,0.00481519,0.00481519,0.00481519,0.00481519,0.00481519,0.00481519,0.00481519,0.00481519
1816016.016,0.00483915,0.00483915,0.00483915,0.00483915,0.00483915,0.00483915,0.00483915,0.00483915,0.00483915,0.00483915,0.00483915
1823923.924,0.00486315,0.00486315,0.00486315,0.00486315,0.00486315,0.00486315,0.00486315,0.00486315,0.00486315,0.00486315,0.00486315
1831831.832,0.0048872,0.0048872,0.0048872,0.0048872,0.0048872,0.0048872,0.0048872,0.0048872,0.0048872,0.0048872,0.0048872
1839739.74,0.00491128,0.00491128,0.00491128,0.00491128,0.00491128,0.00491128,0.00491128,0.00491128,0.00491128,0.00491128,0.00491128
1847647.648,0.00493541,0.00493541,0.00493541,0.00493541,0.00493541,0.00493541,0.00493541,0.00493541,0.00493541,0.00493541,0.00493541
1855555.556,0.00495958,0.00495958,0.00495958,0.00495958,0.00495958,0.00495958,0.00495958,0.00495958,0.00495958,0.00495958,0.00495958
1863463.463,0.00498379,0.00498379,0.00498379,0.00498379,0.00498379,0.00498379,0.00498379,0.00498379,0.00498379,0.00498379,0.00498379
1871371.371,0.00500805,0.00500805,0.00500805,0.00500805,0.00500805,0.00500805,0.00500805,0.00500805,0.00500805,0.00500805,0.00500805
1879279.279,0.00503234,0.00503234,0.00503234,0.00503234,0.00503234,0.00503234,0.00503234,0.00503234,0.00503234,0.00503234,0.00503234
1887187.187,0.00505669,0.00505669,0.00505669,0.00505669,0.00505669,0.00505669,0.00505669,0.00505669,0.00505669,0.00505669,0.00505669
1895095.095,0.00508107,0.00508107,0.00508107,0.00508107,0.00508107,0.00508107,0.00508107,0.00508107,0.00508107,0.00508107,0.00508107
1903003.003,0.0051055,0.0051055,0.0051055,0.0051055,0.0051055,0.0051055,0.0051055,0.0051055,0.0051055,0.0051055,0.0051055
1910910.911,0.00512998,0.00512998,0.00512998,0.00512998,0.00512998,0.00512998,0.00512998,0.00512998,0.00512998,0.00512998,0.00512998
1918818.819,0.0051545,0.0051545,0.0051545,0.0051545,0.0051545,0.0051545,0.0051545,0.0051545,0.0051545,0.0051545,0.0051545
1926726.727,0.00517906,0.00517906,0.00517906,0.00517906,0.00517906,0.00517906,0.00517906,0.00517906,0.00517906,0.00517906,0.00517906
1934634.635,0.00520367,0.00520367,0.00520367,0.00520367,0.00520367,0.00520367,0.00520367,0.00520367,0.00520367,0.00520367,0.00520367
1942542.543,0.00522833,0.00522833,0.00522833,0.00522833,0.00522833,0.00522833,0.00522833,0.00522833,0.00522833,0.00522833,0.00522833
1950450.45,0.00525303,0.00525303,0.00525303,0.00525303,0.00525303,0.00525303,0.00525303,0.00525303,0.00525303,0.00525303,0.00525303
1958358.358,0.00527778,0.00527778,0.00527778,0.00527778,0.00527778,0.00527778,0.00527778,0.00527778,0.00527778,0.00527778,0.00527778
1966266.266,0.00530257,0.00530257,0.00530257,0.00530257,0.00530257,0.00530257,0.00530257,0.00530257,0.00530257,0.00530257,0.00530257
1974174.174,0.00532741,0.00532741,0.00532741,0.00532741,0.00532741,0.00532741,0.00532741,0.00532741,0.00532741,0.00532741,0.00532741
1982082.082,0.0053523,0.0053523,0.0053523,0.0053523,0.0053523,0.0053523,0.0053523,0.0053523,0.0053523,0.0053523,0.0053523
1989989.99,0.00537723,0.00537723,0.00537723,0.00537723,0.00537723,0.00537723,0.00537723,0.00537723,0.00537723,0.00537723,0.00537723
1997897.898,0.00540222,0.00540222,0.00540222,0.00540222,0.00540222,0.00540222,0.00540222,0.00540222,0.00540222,0.00540222,0.00540222
2005805.806,0.00542725,0.00542725,0.00542725,0.00542725,0.00542725,0.00542725,0.00542725,0.00542725,0.00542725,0.00542725,0.00542725
2013713.714,0.00545233,0.00545233,0.00545233,0.00545233,0.00545233,0.00545233,0.00545233,0.00545233,0.00545233,0.00545233,0.00545233
2021621.622,0.00547745,0.00547745,0.00547745,0.00547745,0.00547745,0.00547745,0.00547745,0.00547745,0.00547745,0.00547745,0.00547745
2029529.53,0.00550263,0.00550263,0.00550263,0.00550263,0.00550263,0.00550263,0.00550263,0.00550263,0.00550263,0.00550263,0.00550263
2037437.437,0.00552786,0.00552786,0.00552786,0.00552786,0.00552786,0.00552786,0.00552786,0.00552786,0.00552786,0.00552786,0.00552786
2045345.345,0.00555313,0.00555313,0.00555313,0.00555313,0.00555313,0.00555313,0.00555313,0.00555313,0.00555313,0.00555313,0.00555313
2053253.253,0.00557845,0.00557845,0.00557845,0.00557845,0.00557845,0.00557845,0.00557845,0.00557845,0.00557845,0.00557845,0.00557845
2061161.161,0.00560383,0.00560383,0.00560383,0.00560383,0.00560383,0.00560383,0.00560383,0.00560383,0.00560383,0.00560383,0.00560383
2069069.069,0.00562925,0.00562925,0.00562925,0.00562925,0.00562925,0.00562925,0.00562925,0.00562925,0.00562925,0.00562925,0.00562925
2076976.977,0.00565473,0.00565473,0.00565473,0.00565473,0.00565473,0.00565473,0.00565473,0.00565473,0.00565473,0.00565473,0.00565473
2084884.885,0.00568025,0.00568025,0.00568025,0.00568025,0.00568025,0.00568025,0.00568025,0.00568025,0.00568025,0.00568025,0.00568025
2092792.793,0.00570583,0.00570583,0.00570583,0.00570583,0.00570583,0.00570583,0.00570583,0.00570583,0.00570583,0.00570583,0.00570583
2100700.701,0.00573146,0.00573146,0.00573146,0.00573146,0.00573146,0.00573146,0.00573146,0.00573146,0.00573146,0.00573146,0.00573146
2108608.609,0.00575714,0.00575714,0.00575714,0.00575714,0.00575714,0.00575714,0.00575714,0.00575714,0.00575714,0.00575714,0.00575714
2116516.517,0.00578287,0.00578287,0.00578287,0.00578287,0.00578287,0.00578287,0.00578287,0.00578287,0.00578287,0.00578287,0.00578287
2124424.424,0.00580866,0.00580866,0.00580866,0.00580866,0.00580866,0.00580866,0.00580866,0.00580866,0.00580866,0.00580866,0.00580866
2132332.332,0.0058345,0.0058345,0.0058345,0.0058345,0.0058345,0.0058345,0.0058345,0.0058345,0.0058345,0.0058345,0.0058345
2140240.24,0.00586039,0.00586039,0.00586039,0.00586039,0.00586039,0.00586039,0.00586039,0.00586039,0.00586039,0.00586039,0.00586039
2148148.148,0.00588633,0.00588633,0.00588633,0.00588633,0.00588633,0.00588633,0.00588633,0.00588633,0.00588633,0.00588633,0.00588633
2156056.056,0.00591233,0.00591233,0.00591233,0.00591233,0.00591233,0.00591233,0.00591233,0.00591233,0.00591233,0.00591233,0.00591233
2163963.964,0.00593838,0.00593838,0.00593838,0.00593838,0.00593838,0.00593838,0.00593838,0.00593838,0.00593838,0.00593838,0.00593838
2171871.872,0.00596449,0.00596449,0.00596449,0.00596449,0.00596449,0.00596449,0.00596449,0.00596449,0.00596449,0.00596449,0.00596449
2179779.78,0.00599065,0.00599065,0.00599065,0.00599065,0.00599065,0.00599065,0.00599065,0.00599065,0.00599065,0.00599065,0.00599065
2187687.688,0.00601687,0.00601687,0.00601687,0.00601687,0.00601687,0.00601687,0.00601687,0.00601687,0.00601687,0.00601687,0.00601687
2195595.596,0.00604314,0.00604314,0.00604314,0.00604314,0.00604314,0.00604314,0.00604314,0.00604314,0.00604314,0.00604314,0.00604314
2203503.504,0.00606947,0.00606947,0.00606947,0.00606947,0.00606947,0.00606947,0.00606947,0.00606947,0.00606947,0.00606947,0.00606947
2211411.411,0.00609586,0.00609586,0.00609586,0.00609586,0.00609586,0.00609586,0.00609586,0.00609586,0.00609586,0.00609586,0.00609586
2219319.319,0.0061223,0.0061223,0.0061223,0.0061223,0.0061223,0.0061223,0.0061223,0.0061223,0.0061223,0.0061223,0.0061223
2227227.227,0.0061488,0.0061488,0.0061488,0.0061488,0.0061488,0.0061488,0.0061488,0.0061488,0.0061488,0.0061488,0.0061488
2235135.135,0.00617535,0.00617535,0.00617535,0.00617535,0.00617535,0.00617535,0.00617535,0.00617535,0.00617535,0.00617535,0.00617535
2243043.043,0.00620196,0.00620196,0.00620196,0.00620196,0.00620196,0.00620196,0.00620196,0.00620196,0.00620196,0.00620196,0.00620196
2250950.951,0.00622863,0.00622863,0.00622863,0.00622863,0.00622863,0.00622863,0.00622863,0.00622863,0.00622863,0.00622863,0.00622863
2258858.859,0.00625536,0.00625536,0.00625536,0.00625536,0.00625536,0.00625536,0.00625536,0.00625536,0.00625536,0.00625536,0.00625536
2266766.767,0.00628215,0.00628215,0.00628215,0.00628215,0.00628215,0.00628215,0.00628215,0.00628215,0.00628215,0.00628215,0.00628215
2274674.675,0.006309,0.006309,0.006309,0.006309,0.006309,0.006309,0.006309,0.006309,0.006309,0.006309,0.006309
2282582.583,0.0063359,0.0063359,0.0063359,0.0063359,0.0063359,0.0063359,0.0063359,0.0063359,0.0063359,0.0063359,0.0063359
2290490.49,0.00636287,0.00636287,0.00636287,0.00636287,0.00636287,0.00636287,0.00636287,0.00636287,0.00636287,0.00636287,0.00636287
2298398.398,0.00638989,0.00638989,0.00638989,0.00638989,0.00638989,0.00638989,0.00638989,0.00638989,0.00638989,0.00638989,0.00638989
2306306.306,0.00641698,0.00641698,0.00641698,0.00641698,0.00641698,0.00641698,0.00641698,0.00641698,0.00641698,0.00641698,0.00641698
2314214.214,0.00644412,0.00644412,0.00644412,0.00644412,0.00644412,0.00644412,0.00644412,0.00644412,0.00644412,0.00644412,0.00644412
2322122.122,0.00647133,0.00647133,0.00647133,0.00647133,0.00647133,0.00647133,0.00647133,0.00647133,0.00647133,0.00647133,0.00647133
2330030.03,0.0064986,0.0064986,0.0064986,0.0064986,0.0064986,0.0064986,0.0064986,0.0064986,0.0064986,0.0064986,0.0064986
2337937.938,0.00652593,0.00652593,0.00652593,0.00652593,0.00652593,0.00652593,0.00652593,0.00652593,0.00652593,0.00652593,0.00652593
2345845.846,0.00655332,0.00655332,0.00655332,0.00655332,0.00655332,0.00655332,0.00655332,0.00655332,0.00655332,0.00655332,0.00655332
2353753.754,0.00658078,0.00658078,0.00658078,0.00658078,0.00658078,0.00658078,0.00658078,0.00658078,0.00658078,0.00658078,0.00658078
2361661.662,0.0066083,0.0066083,0.0066083,0.0066083,0.0066083,0.0066083,0.0066083,0.0066083,0.0066083,0.0066083,0.0066083
2369569.57,0.00663588,0.00663588,0.00663588,0.00663588,0.00663588,0.00663588,0.00663588,0.00663588,0.00663588,0.00663588,0.00663588
2377477.477,0.00666353,0.00666353,0.00666353,0.00666353,0.00666353,0.00666353,0.00666353,0.00666353,0.00666353,0.00666353,0.00666353
2385385.385,0.00669124,0.00669124,0.00669124,0.00669124,0.00669124,0.00669124,0.00669124,0.00669124,0.00669124,0.00669124,0.00669124
2393293.293,0.00671901,0.00671901,0.00671901,0.00671901,0.00671901,0.00671901,0.00671901,0.00671901,0.00671901,0.00671901,0.00671901
2401201.201,0.00674685,0.00674685,0.00674685,0.00674685,0.00674685,0.00674685,0.00674685,0.00674685,0.00674685,0.00674685,0.00674685
2409109.109,0.00677475,0.00677475,0.00677475,0.00677475,0.00677475,0.00677475,0.00677475,0.00677475,0.00677475,0.00677475,0.00677475
2417017.017,0.00680273,0.00680273,0.00680273,0.00680273,0.00680273,0.00680273,0.00680273,0.00680273,0.00680273,0.00680273,0.00680273
2424924.925,0.00683076,0.00683076,0.00683076,0.00683076,0.00683076,0.00683076,0.00683076,0.00683076,0.00683076,0.00683076,0.00683076
2432832.833,0.00685886,0.00685886,0.00685886,0.00685886,0.00685886,0.00685886,0.00685886,0.00685886,0.00685886,0.00685886,0.00685886
2440740.741,0.00688703,0.00688703,0.00688703,0.00688703,0.00688703,0.00688703,0.00688703,0.00688703,0.00688703,0.00688703,0.00688703
2448648.649,0.00691527,0.00691527,0.00691527,0.00691527,0.00691527,0.00691527,0.00691527,0.00691527,0.00691527,0.00691527,0.00691527
2456556.557,0.00694358,0.00694358,0.00694358,0.00694358,0.00694358,0.00694358,0.00694358,0.00694358,0.00694358,0.00694358,0.00694358
2464464.464,0.00697195,0.00697195,0.00697195,0.00697195,0.00697195,0.00697195,0.00697195,0.00697195,0.00697195,0.00697195,0.00697195
2472372.372,0.00700039,0.00700039,0.00700039,0.00700039,0.00700039,0.00700039,0.00700039,0.00700039,0.00700039,0.00700039,0.00700039
2480280.28,0.0070289,0.0070289,0.0070289,0.0070289,0.0070289,0.0070289,0.0070289,0.0070289,0.0070289,0.0070289,0.0070289
2488188.188,0.00705748,0.00705748,0.00705748,0.00705748,0.00705748,0.00705748,0.00705748,0.00705748,0.00705748,0.00705748,0.00705748
2496096.096,0.00708613,0.00708613,0.00708613,0.00708613,0.00708613,0.00708613,0.00708613,0.00708613,0.00708613,0.00708613,0.00708613
2504004.004,0.00711485,0.00711485,0.00711485,0.00711485,0.00711485,0.00711485,0.00711485,0.00711485,0.00711485,0.00711485,0.00711485
2511911.912,0.00714364,0.00714364,0.00714364,0.00714364,0.00714364,0.00714364,0.00714364,0.00714364,0.00714364,0.00714364,0.00714364
2519819.82,0.0071725,0.0071725,0.0071725,0.0071725,0.0071725,0.0071725,0.0071725,0.0071725,0.0071725,0.0071725,0.0071725
2527727.728,0.00720144,0.00720144,0.00720144,0.00720144,0.00720144,0.00720144,0.00720144,0.00720144,0.00720144,0.00720144,0.00720144
2535635.636,0.00723044,0.00723044,0.00723044,0.00723044,0.00723044,0.00723044,0.00723044,0.00723044,0.00723044,0.00723044,0.00723044
2543543.544,0.00725952,0.00725952,0.00725952,0.00725952,0.00725952,0.00725952,0.00725952,0.00725952,0.00725952,0.00725952,0.00725952
2551451.451,0.00728867,0.00728867,0.00728867,0.00728867,0.00728867,0.00728867,0.00728867,0.00728867,0.00728867,0.00728867,0.00728867
2559359.359,0.00731789,0.00731789,0.00731789,0.00731789,0.00731789,0.00731789,0.00731789,0.00731789,0.00731789,0.00731789,0.00731789
2567267.267,0.00734719,0.00734719,0.00734719,0.00734719,0.00734719,0.00734719,0.00734719,0.00734719,0.00734719,0.00734719,0.00734719
2575175.175,0.00737656,0.00737656,0.00737656,0.00737656,0.00737656,0.00737656,0.00737656,0.00737656,0.00737656,0.00737656,0.00737656
2583083.083,0.00740601,0.00740601,0.00740601,0.00740601,0.00740601,0.00740601,0.00740601,0.00740601,0.00740601,0.00740601,0.00740601
2590990.991,0.00743553,0.00743553,0.00743553,0.00743553,0.00743553,0.00743553,0.00743553,0.00743553,0.00743553,0.00743553,0.00743553
2598898.899,0.00746513,0.00746513,0.00746513,0.00746513,0.00746513,0.00746513,0.00746513,0.00746513,0.00746513,0.00746513,0.00746513
2606806.807,0.0074948,0.0074948,0.0074948,0.0074948,0.0074948,0.0074948,0.0074948,0.0074948,0.0074948,0.0074948,0.0074948
2614714.715,0.00752455,0.00752455,0.00752455,0.00752455,0.00752455,0.00752455,0.00752455,0.00752455,0.00752455,0.00752455,0.00752455
2622622.623,0.00755438,0.00755438,0.00755438,0.00755438,0.00755438,0.00755438,0.00755438,0.00755438,0.00755438,0.00755438,0.00755438
2630530.531,0.00758428,0.00758428,0.00758428,0.00758428,0.00758428,0.00758428,0.00758428,0.00758428,0.00758428,0.00758428,0.00758428
2638438.438,0.00761426,0.00761426,0.00761426,0.00761426,0.00761426,0.00761426,0.00761426,0.00761426,0.00761426,0.00761426,0.00761426
2646346.346,0.00764432,0.00764432,0.00764432,0.00764432,0.00764432,0.00764432,0.00764432,0.00764432,0.00764432,0.00764432,0.00764432
2654254.254,0.00767446,0.00767446,0.00767446,0.00767446,0.00767446,0.00767446,0.00767446,0.00767446,0.00767446,0.00767446,0.00767446
2662162.162,0.00770468,0.00770468,0.00770468,0.00770468,0.00770468,0.00770468,0.00770468,0.00770468,0.00770468,0.00770468,0.00770468
2670070.07,0.00773498,0.00773498,0.00773498,0.00773498,0.00773498,0.00773498,0.00773498,0.00773498,0.00773498,0.00773498,0.00773498
2677977.978,0.00776535,0.00776535,0.00776535,0.00776535,0.00776535,0.00776535,0.00776535,0.00776535,0.00776535,0.00776535,0.00776535
2685885.886,0.00779581,0.00779581,0.00779581,0.00779581,0.00779581,0.00779581,0.00779581,0.00779581,0.00779581,0.00779581,0.00779581
2693793.794,0.00782635,0.00782635,0.00782635,0.00782635,0.00782635,0.00782635,0.00782635,0.00782635,0.00782635,0.00782635,0.00782635
2701701.702,0.00785697,0.00785697,0.00785697,0.00785697,0.00785697,0.00785697,0.00785697,0.00785697,0.00785697,0.00785697,0.00785697
2709609.61,0.00788768,0.00788768,0.00788768,0.00788768,0.00788768,0.00788768,0.00788768,0.00788768,0.00788768,0.00788768,0.00788768
2717517.518,0.00791846,0.00791846,0.00791846,0.00791846,0.00791846,0.00791846,0.00791846,0.00791846,0.00791846,0.00791846,0.00791846
2725425.425,0.00794933,0.00794933,0.00794933,0.00794933,0.00794933,0.00794933,0.00794933,0.00794933,0.00794933,0.00794933,0.00794933
2733333.333,0.00798029,0.00798029,0.00798029,0.00798029,0.00798029,0.00798029,0.00798029,0.00798029,0.00798029,0.00798029,0.00798029
2741241.241,0.00801133,0.00801133,0.00801133,0.00801133,0.00801133,0.00801133,0.00801133,0.00801133,0.00801133,0.00801133,0.00801133
2749149.149,0.00804245,0.00804245,0.00804245,0.00804245,0.00804245,0.00804245,0.00804245,0.00804245,0.00804245,0.00804245,0.00804245
2757057.057,0.00807366,0.00807366,0.00807366,0.00807366,0.00807366,0.00807366,0.00807366,0.00807366,0.00807366,0.00807366,0.00807366
2764964.965,0.00810495,0.00810495,0.00810495,0.00810495,0.00810495,0.00810495,0.00810495,0.00810495,0.00810495,0.00810495,0.00810495
2772872.873,0.00813633,0.00813633,0.00813633,0.00813633,0.00813633,0.00813633,0.00813633,0.00813633,0.00813633,0.00813633,0.00813633
2780780.781,0.0081678,0.0081678,0.0081678,0.0081678,0.0081678,0.0081678,0.0081678,0.0081678,0.0081678,0.0081678,0.0081678
2788688.689,0.00819936,0.00819936,0.00819936,0.00819936,0.00819936,0.00819936,0.00819936,0.00819936,0.00819936,0.00819936,0.00819936
2796596.597,0.008231,0.008231,0.008231,0.008231,0.008231,0.008231,0.008231,0.008231,0.008231,0.008231,0.008231
2804504.505,0.00826273,0.00826273,0.00826273,0.00826273,0.00826273,0.00826273,0.00826273,0.00826273,0.00826273,0.00826273,0.00826273
2812412.412,0.00829455,0.00829455,0.00829455,0.00829455,0.00829455,0.00829455,0.00829455,0.00829455,0.00829455,0.00829455,0.00829455
2820320.32,0.00832646,0.00832646,0.00832646,0.00832646,0.00832646,0.00832646,0.00832646,0.00832646,0.00832646,0.00832646,0.00832646
2828228.228,0.00835846,0.00835846,0.00835846,0.00835846,0.00835846,0.00835846,0.00835846,0.00835846,0.00835846,0.00835846,0.00835846
2836136.136,0.00839055,0.00839055,0.00839055,0.00839055,0.00839055,0.00839055,0.00839055,0.00839055,0.00839055,0.00839055,0.00839055
2844044.044,0.00842274,0.00842274,0.00842274,0.00842274,0.00842274,0.00842274,0.00842274,0.00842274,0.00842274,0.00842274,0.00842274
2851951.952,0.00845501,0.00845501,0.00845501,0.00845501,0.00845501,0.00845501,0.00845501,0.00845501,0.00845501,0.00845501,0.00845501
2859859.86,0.00848738,0.00848738,0.00848738,0.00848738,0.00848738,0.00848738,0.00848738,0.00848738,0.00848738,0.00848738,0.00848738
2867767.768,0.00851984,0.00851984,0.00851984,0.00851984,0.00851984,0.00851984,0.00851984,0.00851984,0.00851984,0.00851984,0.00851984
2875675.676,0.00855239,0.00855239,0.00855239,0.00855239,0.00855239,0.00855239,0.00855239,0.00855239,0.00855239,0.00855239,0.00855239
2883583.584,0.00858504,0.00858504,0.00858504,0.00858504,0.00858504,0.00858504,0.00858504,0.00858504,0.00858504,0.00858504,0.00858504
2891491.491,0.00861778,0.00861778,0.00861778,0.00861778,0.00861778,0.00861778,0.00861778,0.00861778,0.00861778,0.00861778,0.00861778
2899399.399,0.00865062,0.00865062,0.00865062,0.00865062,0.00865062,0.00865062,0.00865062,0.00865062,0.00865062,0.00865062,0.00865062
2907307.307,0.00868355,0.00868355,0.00868355,0.00868355,0.00868355,0.00868355,0.00868355,0.00868355,0.00868355,0.00868355,0.00868355
2915215.215,0.00871658,0.00871658,0.00871658,0.00871658,0.00871658,0.00871658,0.00871658,0.00871658,0.00871658,0.00871658,0.00871658
2923123.123,0.00874971,0.00874971,0.00874971,0.00874971,0.00874971,0.00874971,0.00874971,0.00874971,0.00874971,0.00874971,0.00874971
2931031.031,0.00878294,0.00878294,0.00878294,0.00878294,0.00878294,0.00878294,0.00878294,0.00878294,0.00878294,0.00878294,0.00878294
2938938.939,0.00881626,0.00881626,0.00881626,0.00881626,0.00881626,0.00881626,0.00881626,0.00881626,0.00881626,0.00881626,0.00881626
2946846.847,0.00884969,0.00884969,0.00884969,0.00884969,0.00884969,0.00884969,0.00884969,0.00884969,0.00884969,0.00884969,0.00884969
2954754.755,0.00888321,0.00888321,0.00888321,0.00888321,0.00888321,0.00888321,0.00888321,0.00888321,0.00888321,0.00888321,0.00888321
2962662.663,0.00891683,0.00891683,0.00891683,0.00891683,0.00891683,0.00891683,0.00891683,0.00891683,0.00891683,0.00891683,0.00891683
2970570.571,0.00895056,0.00895056,0.00895056,0.00895056,0.00895056,0.00895056,0.00895056,0.00895056,0.00895056,0.00895056,0.00895056
2978478.478,0.00898438,0.00898438,0.00898438,0.00898438,0.00898438,0.00898438,0.00898438,0.00898438,0.00898438,0.00898438,0.00898438
2986386.386,0.00901831,0.00901831,0.00901831,0.00901831,0.00901831,0.00901831,0.00901831,0.00901831,0.00901831,0.00901831,0.00901831
2994294.294,0.00905234,0.00905234,0.00905234,0.00905234,0.00905234,0.00905234,0.00905234,0.00905234,0.00905234,0.00905234,0.00905234
3002202.202,0.00908647,0.00908647,0.00908647,0.00908647,0.00908647,0.00908647,0.00908647,0.00908647,0.00908647,0.00908647,0.00908647
3010110.11,0.00912071,0.00912071,0.00912071,0.00912071,0.00912071,0.00912071,0.00912071,0.00912071,0.00912071,0.00912071,0.00912071
3018018.018,0.00915505,0.00915505,0.00915505,0.00915505,0.00915505,0.00915505,0.00915505,0.00915505,0.00915505,0.00915505,0.00915505
3025925.926,0.0091895,0.0091895,0.0091895,0.0091895,0.0091895,0.0091895,0.0091895,0.0091895,0.0091895,0.0091895,0.0091895
3033833.834,0.00922406,0.00922406,0.00922406,0.00922406,0.00922406,0.00922406,0.00922406,0.00922406,0.00922406,0.00922406,0.00922406
3041741.742,0.00925872,0.00925872,0.00925872,0.00925872,0.00925872,0.00925872,0.00925872,0.00925872,0.00925872,0.00925872,0.00925872
3049649.65,0.00929349,0.00929349,0.00929349,0.00929349,0.00929349,0.00929349,0.00929349,0.00929349,0.00929349,0.00929349,0.00929349
3057557.558,0.00932836,0.00932836,0.00932836,0.00932836,0.00932836,0.00932836,0.00932836,0.00932836,0.00932836,0.00932836,0.00932836
3065465.465,0.00936335,0.00936335,0.00936335,0.00936335,0.00936335,0.00936335,0.00936335,0.00936335,0.00936335,0.00936335,0.00936335
3073373.373,0.00939845,0.00939845,0.00939845,0.00939845,0.00939845,0.00939845,0.00939845,0.00939845,0.00939845,0.00939845,0.00939845
3081281.281,0.00943365,0.00943365,0.00943365,0.00943365,0.00943365,0.00943365,0.00943365,0.00943365,0.00943365,0.00943365,0.00943365
3089189.189,0.00946897,0.00946897,0.00946897,0.00946897,0.00946897,0.00946897,0.00946897,0.00946897,0.00946897,0.00946897,0.00946897
3097097.097,0.0095044,0.0095044,0.0095044,0.0095044,0.0095044,0.0095044,0.0095044,0.0095044,0.0095044,0.0095044,0.0095044
3105005.005,0.00953994,0.00953994,0.00953994,0.00953994,0.00953994,0.00953994,0.00953994,0.00953994,0.00953994,0.00953994,0.00953994
3112912.913,0.00957559,0.00957559,0.00957559,0.00957559,0.00957559,0.00957559,0.00957559,0.00957559,0.00957559,0.00957559,0.00957559
3120820.821,0.00961136,0.00961136,0.00961136,0.00961136,0.00961136,0.00961136,0.00961136,0.00961136,0.00961136,0.00961136,0.00961136
3128728.729,0.00964724,0.00964724,0.00964724,0.00964724,0.00964724,0.00964724,0.00964724,0.00964724,0.00964724,0.00964724,0.00964724
3136636.637,0.00968324,0.00968324,0.00968324,0.00968324,0.00968324,0.00968324,0.00968324,0.00968324,0.00968324,0.00968324,0.00968324
3144544.545,0.00971935,0.00971935,0.00971935,0.00971935,0.00971935,0.00971935,0.00971935,0.00971935,0.00971935,0.00971935,0.00971935
3152452.452,0.00975558,0.00975558,0.00975558,0.00975558,0.00975558,0.00975558,0.00975558,0.00975558,0.00975558,0.00975558,0.00975558
3160360.36,0.00979193,0.00979193,0.00979193,0.00979193,0.00979193,0.00979193,0.00979193,0.00979193,0.00979193,0.00979193,0.00979193
3168268.268,0.0098284,0.0098284,0.0098284,0.0098284,0.0098284,0.0098284,0.0098284,0.0098284,0.0098284,0.0098284,0.0098284
3176176.176,0.00986498,0.00986498,0.00986498,0.00986498,0.00986498,0.00986498,0.00986498,0.00986498,0.00986498,0.00986498,0.00986498
3184084.084,0.00990169,0.00990169,0.00990169,0.00990169,0.00990169,0.00990169,0.00990169,0.00990169,0.00990169,0.00990169,0.00990169
3191991.992,0.00993851,0.00993851,0.00993851,0.00993851,0.00993851,0.00993851,0.00993851,0.00993851,0.00993851,0.00993851,0.00993851
3199899.9,0.00997546,0.00997546,0.00997546,0.00997546,0.00997546,0.00997546,0.00997546,0.00997546,0.00997546,0.00997546,0.00997546
3207807.808,0.0100125,0.0100125,0.0100125,0.0100125,0.0100125,0.0100125,0.0100125,0.0100125,0.0100125,0.0100125,0.0100125
3215715.716,0.0100497,0.0100497,0.0100497,0.0100497,0.0100497,0.0100497,0.0100497,0.0100497,0.0100497,0.0100497,0.0100497
3223623.624,0.010087,0.010087,0.010087,0.010087,0.010087,0.010087,0.010087,0.010087,0.010087,0.010087,0.010087
3231531.532,0.0101245,0.0101245,0.0101245,0.0101245,0.0101245,0.0101245,0.0101245,0.0101245,0.0101245,0.0101245,0.0101245
3239439.439,0.010162,0.010162,0.010162,0.010162,0.010162,0.010162,0.010162,0.010162,0.010162,0.010162,0.010162
3247347.347,0.0101997,0.0101997,0.0101997,0.0101997,0.0101997,0.0101997,0.0101997,0.0101997,0.0101997,0.0101997,0.0101997
3255255.255,0.0102376,0.0102376,0.0102376,0.0102376,0.0102376,0.0102376,0.0102376,0.0102376,0.0102376,0.0102376,0.0102376
3263163.163,0.0102755,0.0102755,0.0102755,0.0102755,0.0102755,0.0102755,0.0102755,0.0102755,0.0102755,0.0102755,0.0102755
3271071.071,0.0103136,0.0103136,0.0103136,0.0103136,0.0103136,0.0103136,0.0103136,0.0103136,0.0103136,0.0103136,0.0103136
3278978.979,0.0103518,0.0103518,0.0103518,0.0103518,0.0103518,0.0103518,0.0103518,0.0103518,0.0103518,0.0103518,0.0103518
3286886.887,0.0103901,0.0103901,0.0103901,0.0103901,0.0103901,0.0103901,0.0103901,0.0103901,0.0103901,0.0103901,0.0103901
3294794.795,0.0104286,0.0104286,0.0104286,0.0104286,0.0104286,0.0104286,0.0104286,0.0104286,0.0104286,0.0104286,0.0104286
3302702.703,0.0104672,0.0104672,0.0104672,0.0104672,0.0104672,0.0104672,0.0104672,0.0104672,0.0104672,0.0104672,0.0104672
3310610.611,0.0105059,0.0105059,0.0105059,0.0105059,0.0105059,0.0105059,0.0105059,0.0105059,0.0105059,0.0105059,0.0105059
3318518.519,0.0105448,0.0105448,0.0105448,0.0105448,0.0105448,0.0105448,0.0105448,0.0105448,0.0105448,0.0105448,0.0105448
3326426.426,0.0105838,0.0105838,0.0105838,0.0105838,0.0105838,0.0105838,0.0105838,0.0105838,0.0105838,0.0105838,0.0105838
3334334.334,0.0106229,0.0106229,0.0106229,0.0106229,0.0106229,0.0106229,0.0106229,0.0106229,0.0106229,0.0106229,0.0106229
3342242.242,0.0106622,0.0106622,0.0106622,0.0106622,0.0106622,0.0106622,0.0106622,0.0106622,0.0106622,0.0106622,0.0106622
3350150.15,0.0107016,0.0107016,0.0107016,0.0107016,0.0107016,0.0107016,0.0107016,0.0107016,0.0107016,0.0107016,0.0107016
3358058.058,0.0107412,0.0107412,0.0107412,0.0107412,0.0107412,0.0107412,0.0107412,0.0107412,0.0107412,0.0107412,0.0107412
3365965.966,0.0107809,0.0107809,0.0107809,0.0107809,0.0107809,0.0107809,0.0107809,0.0107809,0.0107809,0.0107809,0.0107809
3373873.874,0.0108207,0.0108207,0.0108207,0.0108207,0.0108207,0.0108207,0.0108207,0.0108207,0.0108207,0.0108207,0.0108207
3381781.782,0.0108607,0.0108607,0.0108607,0.0108607,0.0108607,0.0108607,0.0108607,0.0108607,0.0108607,0.0108607,0.0108607
3389689.69,0.0109008,0.0109008,0.0109008,0.0109008,0.0109008,0.0109008,0.0109008,0.0109008,0.0109008,0.0109008,0.0109008
3397597.598,0.010941,0.010941,0.010941,0.010941,0.010941,0.010941,0.010941,0.010941,0.010941,0.010941,0.010941
3405505.506,0.0109814,0.0109814,0.0109814,0.0109814,0.0109814,0.0109814,0.0109814,0.0109814,0.0109814,0.0109814,0.0109814
3413413.413,0.011022,0.011022,0.011022,0.011022,0.011022,0.011022,0.011022,0.011022,0.011022,0.011022,0.011022
3421321.321,0.0110627,0.0110627,0.0110627,0.0110627,0.0110627,0.0110627,0.0110627,0.0110627,0.0110627,0.0110627,0.0110627
3429229.229,0.0111035,0.0111035,0.0111035,0.0111035,0.0111035,0.0111035,0.0111035,0.0111035,0.0111035,0.0111035,0.0111035
3437137.137,0.0111445,0.0111445,0.0111445,0.0111445,0.0111445,0.0111445,0.0111445,0.0111445,0.0111445,0.0111445,0.0111445
3445045.045,0.0111856,0.0111856,0.0111856,0.0111856,0.0111856,0.0111856,0.0111856,0.0111856,0.0111856,0.0111856,0.0111856
3452952.953,0.0112269,0.0112269,0.0112269,0.0112269,0.0112269,0.0112269,0.0112269,0.0112269,0.0112269,0.0112269,0.0112269
3460860.861,0.0112683,0.0112683,0.0112683,0.0112683,0.0112683,0.0112683,0.0112683,0.0112683,0.0112683,0.0112683,0.0112683
3468768.769,0.0113099,0.0113099,0.0113099,0.0113099,0.0113099,0.0113099,0.0113099,0.0113099,0.0113099,0.0113099,0.0113099
3476676.677,0.0113517,0.0113517,0.0113517,0.0113517,0.0113517,0.0113517,0.0113517,0.0113517,0.0113517,0.0113517,0.0113517
3484584.585,0.0113936,0.0113936,0.0113936,0.0113936,0.0113936,0.0113936,0.0113936,0.0113936,0.0113936,0.0113936,0.0113936
3492492.492,0.0114356,0.0114356,0.0114356,0.0114356,0.0114356,0.0114356,0.0114356,0.0114356,0.0114356,0.0114356,0.0114356
3500400.4,0.0114778,0.0114778,0.0114778,0.0114778,0.0114778,0.0114778,0.0114778,0.0114778,0.0114778,0.0114778,0.0114778
3508308.308,0.0115202,0.0115202,0.0115202,0.0115202,0.0115202,0.0115202,0.0115202,0.0115202,0.0115202,0.0115202,0.0115202
3516216.216,0.0115627,0.0115627,0.0115627,0.0115627,0.0115627,0.0115627,0.0115627,0.0115627,0.0115627,0.0115627,0.0115627
3524124.124,0.0116054,0.0116054,0.0116054,0.0116054,0.0116054,0.0116054,0.0116054,0.0116054,0.0116054,0.0116054,0.0116054
3532032.032,0.0116483,0.0116483,0.0116483,0.0116483,0.0116483,0.0116483,0.0116483,0.0116483,0.0116483,0.0116483,0.0116483
3539939.94,0.0116913,0.0116913,0.0116913,0.0116913,0.0116913,0.0116913,0.0116913,0.0116913,0.0116913,0.0116913,0.0116913
3547847.848,0.0117344,0.0117344,0.0117344,0.0117344,0.0117344,0.0117344,0.0117344,0.0117344,0.0117344,0.0117344,0.0117344
3555755.756,0.0117778,0.0117778,0.0117778,0.0117778,0.0117778,0.0117778,0.0117778,0.0117778,0.0117778,0.0117778,0.0117778
3563663.664,0.0118213,0.0118213,0.0118213,0.0118213,0.0118213,0.0118213,0.0118213,0.0118213,0.0118213,0.0118213,0.0118213
3571571.572,0.0118649,0.0118649,0.0118649,0.0118649,0.0118649,0.0118649,0.0118649,0.0118649,0.0118649,0.0118649,0.0118649
3579479.479,0.0119088,0.0119088,0.0119088,0.0119088,0.0119088,0.0119088,0.0119088,0.0119088,0.0119088,0.0119088,0.0119088
3587387.387,0.0119528,0.0119528,0.0119528,0.0119528,0.0119528,0.0119528,0.0119528,0.0119528,0.0119528,0.0119528,0.0119528
3595295.295,0.0119969,0.0119969,0.0119969,0.0119969,0.0119969,0.0119969,0.0119969,0.0119969,0.0119969,0.0119969,0.0119969
3603203.203,0.0120413,0.0120413,0.0120413,0.0120413,0.0120413,0.0120413,0.0120413,0.0120413,0.0120413,0.0120413,0.0120413
3611111.111,0.0120858,0.0120858,0.0120858,0.0120858,0.0120858,0.0120858,0.0120858,0.0120858,0.0120858,0.0120858,0.0120858
3619019.019,0.0121305,0.0121305,0.0121305,0.0121305,0.0121305,0.0121305,0.0121305,0.0121305,0.0121305,0.0121305,0.0121305
3626926.927,0.0121754,0.0121754,0.0121754,0.0121754,0.0121754,0.0121754,0.0121754,0.0121754,0.0121754,0.0121754,0.0121754
3634834.835,0.0122204,0.0122204,0.0122204,0.0122204,0.0122204,0.0122204,0.0122204,0.0122204,0.0122204,0.0122204,0.0122204
3642742.743,0.0122656,0.0122656,0.0122656,0.0122656,0.0122656,0.0122656,0.0122656,0.0122656,0.0122656,0.0122656,0.0122656
3650650.651,0.012311,0.012311,0.012311,0.012311,0.012311,0.012311,0.012311,0.012311,0.012311,0.012311,0.012311
3658558.559,0.0123566,0.0123566,0.0123566,0.0123566,0.0123566,0.0123566,0.0123566,0.0123566,0.0123566,0.0123566,0.0123566
3666466.466,0.0124023,0.0124023,0.0124023,0.0124023,0.0124023,0.0124023,0.0124023,0.0124023,0.0124023,0.0124023,0.0124023
3674374.374,0.0124483,0.0124483,0.0124483,0.0124483,0.0124483,0.0124483,0.0124483,0.0124483,0.0124483,0.0124483,0.0124483
3682282.282,0.0124944,0.0124944,0.0124944,0.0124944,0.0124944,0.0124944,0.0124944,0.0124944,0.0124944,0.0124944,0.0124944
3690190.19,0.0125407,0.0125407,0.0125407,0.0125407,0.0125407,0.0125407,0.0125407,0.0125407,0.0125407,0.0125407,0.0125407
3698098.098,0.0125872,0.0125872,0.0125872,0.0125872,0.0125872,0.0125872,0.0125872,0.0125872,0.0125872,0.0125872,0.0125872
3706006.006,0.0126339,0.0126339,0.0126339,0.0126339,0.0126339,0.0126339,0.0126339,0.0126339,0.0126339,0.0126339,0.0126339
3713913.914,0.0126808,0.0126808,0.0126808,0.0126808,0.0126808,0.0126808,0.0126808,0.0126808,0.0126808,0.0126808,0.0126808
3721821.822,0.0127278,0.0127278,0.0127278,0.0127278,0.0127278,0.0127278,0.0127278,0.0127278,0.0127278,0.0127278,0.0127278
3729729.73,0.0127751,0.0127751,0.0127751,0.0127751,0.0127751,0.0127751,0.0127751,0.0127751,0.0127751,0.0127751,0.0127751
3737637.638,0.0128225,0.0128225,0.0128225,0.0128225,0.0128225,0.0128225,0.0128225,0.0128225,0.0128225,0.0128225,0.0128225
3745545.546,0.0128702,0.0128702,0.0128702,0.0128702,0.0128702,0.0128702,0.0128702,0.0128702,0.0128702,0.0128702,0.0128702
3753453.453,0.012918,0.012918,0.012918,0.012918,0.012918,0.012918,0.012918,0.012918,0.012918,0.012918,0.012918
3761361.361,0.012966,0.012966,0.012966,0.012966,0.012966,0.012966,0.012966,0.012966,0.012966,0.012966,0.012966
3769269.269,0.0130143,0.0130143,0.0130143,0.0130143,0.0130143,0.0130143,0.0130143,0.0130143,0.0130143,0.0130143,0.0130143
3777177.177,0.0130627,0.0130627,0.0130627,0.0130627,0.0130627,0.0130627,0.0130627,0.0130627,0.0130627,0.0130627,0.0130627
3785085.085,0.0131113,0.0131113,0.0131113,0.0131113,0.0131113,0.0131113,0.0131113,0.0131113,0.0131113,0.0131113,0.0131113
3792992.993,0.0131602,0.0131602,0.0131602,0.0131602,0.0131602,0.0131602,0.0131602,0.0131602,0.0131602,0.0131602,0.0131602
3800900.901,0.0132092,0.0132092,0.0132092,0.0132092,0.0132092,0.0132092,0.0132092,0.0132092,0.0132092,0.0132092,0.0132092
3808808.809,0.0132585,0.0132585,0.0132585,0.0132585,0.0132585,0.0132585,0.0132585,0.0132585,0.0132585,0.0132585,0.0132585
3816716.717,0.0133079,0.0133079,0.0133079,0.0133079,0.0133079,0.0133079,0.0133079,0.0133079,0.0133079,0.0133079,0.0133079
3824624.625,0.0133576,0.0133576,0.0133576,0.0133576,0.0133576,0.0133576,0.0133576,0.0133576,0.0133576,0.0133576,0.0133576
3832532.533,0.0134075,0.0134075,0.0134075,0.0134075,0.0134075,0.0134075,0.0134075,0.0134075,0.0134075,0.0134075,0.0134075
3840440.44,0.0134575,0.0134575,0.0134575,0.0134575,0.0134575,0.0134575,0.0134575,0.0134575,0.0134575,0.0134575,0.0134575
3848348.348,0.0135078,0.0135078,0.0135078,0.0135078,0.0135078,0.0135078,0.0135078,0.0135078,0.0135078,0.0135078,0.0135078
3856256.256,0.0135584,0.0135584,0.0135584,0.0135584,0.0135584,0.0135584,0.0135584,0.0135584,0.0135584,0.0135584,0.0135584
3864164.164,0.0136091,0.0136091,0.0136091,0.0136091,0.0136091,0.0136091,0.0136091,0.0136091,0.0136091,0.0136091,0.0136091
3872072.072,0.0136601,0.0136601,0.0136601,0.0136601,0.0136601,0.0136601,0.0136601,0.0136601,0.0136601,0.0136601,0.0136601
3879979.98,0.0137112,0.0137112,0.0137112,0.0137112,0.0137112,0.0137112,0.0137112,0.0137112,0.0137112,0.0137112,0.0137112
3887887.888,0.0137626,0.0137626,0.0137626,0.0137626,0.0137626,0.0137626,0.0137626,0.0137626,0.0137626,0.0137626,0.0137626
3895795.796,0.0138143,0.0138143,0.0138143,0.0138143,0.0138143,0.0138143,0.0138143,0.0138143,0.0138143,0.0138143,0.0138143
3903703.704,0.0138661,0.0138661,0.0138661,0.0138661,0.0138661,0.0138661,0.0138661,0.0138661,0.0138661,0.0138661,0.0138661
3911611.612,0.0139182,0.0139182,0.0139182,0.0139182,0.0139182,0.0139182,0.0139182,0.0139182,0.0139182,0.0139182,0.0139182
3919519.52,0.0139705,0.0139705,0.0139705,0.0139705,0.0139705,0.0139705,0.0139705,0.0139705,0.0139705,0.0139705,0.0139705
3927427.427,0.014023,0.014023,0.014023,0.014023,0.014023,0.014023,0.014023,0.014023,0.014023,0.014023,0.014023
3935335.335,0.0140758,0.0140758,0.0140758,0.0140758,0.0140758,0.0140758,0.0140758,0.0140758,0.0140758,0.0140758,0.0140758
3943243.243,0.0141288,0.0141288,0.0141288,0.0141288,0.0141288,0.0141288,0.0141288,0.0141288,0.0141288,0.0141288,0.0141288
3951151.151,0.014182,0.014182,0.014182,0.014182,0.014182,0.014182,0.014182,0.014182,0.014182,0.014182,0.014182
3959059.059,0.0142355,0.0142355,0.0142355,0.0142355,0.0142355,0.0142355,0.0142355,0.0142355,0.0142355,0.0142355,0.0142355
3966966.967,0.0142892,0.0142892,0.0142892,0.0142892,0.0142892,0.0142892,0.0142892,0.0142892,0.0142892,0.0142892,0.0142892
3974874.875,0.0143432,0.0143432,0.0143432,0.0143432,0.0143432,0.0143432,0.0143432,0.0143432,0.0143432,0.0143432,0.0143432
3982782.783,0.0143974,0.0143974,0.0143974,0.0143974,0.0143974,0.0143974,0.0143974,0.0143974,0.0143974,0.0143974,0.0143974
3990690.691,0.0144518,0.0144518,0.0144518,0.0144518,0.0144518,0.0144518,0.0144518,0.0144518,0.0144518,0.0144518,0.0144518
3998598.599,0.0145065,0.0145065,0.0145065,0.0145065,0.0145065,0.0145065,0.0145065,0.0145065,0.0145065,0.0145065,0.0145065
4006506.507,0.0145614,0.0145614,0.0145614,0.0145614,0.0145614,0.0145614,0.0145614,0.0145614,0.0145614,0.0145614,0.0145614
4014414.414,0.0146166,0.0146166,0.0146166,0.0146166,0.0146166,0.0146166,0.0146166,0.0146166,0.0146166,0.0146166,0.0146166
4022322.322,0.0146721,0.0146721,0.0146721,0.0146721,0.0146721,0.0146721,0.0146721,0.0146721,0.0146721,0.0146721,0.0146721
4030230.23,0.0147278,0.0147278,0.0147278,0.0147278,0.0147278,0.0147278,0.0147278,0.0147278,0.0147278,0.0147278,0.0147278
4038138.138,0.0147837,0.0147837,0.0147837,0.0147837,0.0147837,0.0147837,0.0147837,0.0147837,0.0147837,0.0147837,0.0147837
4046046.046,0.0148399,0.0148399,0.0148399,0.0148399,0.0148399,0.0148399,0.0148399,0.0148399,0.0148399,0.0148399,0.0148399
4053953.954,0.0148964,0.0148964,0.0148964,0.0148964,0.0148964,0.0148964,0.0148964,0.0148964,0.0148964,0.0148964,0.0148964
4061861.862,0.0149532,0.0149532,0.0149532,0.0149532,0.0149532,0.0149532,0.0149532,0.0149532,0.0149532,0.0149532,0.0149532
4069769.77,0.0150102,0.0150102,0.0150102,0.0150102,0.0150102,0.0150102,0.0150102,0.0150102,0.0150102,0.0150102,0.0150102
4077677.678,0.0150674,0.0150674,0.0150674,0.0150674,0.0150674,0.0150674,0.0150674,0.0150674,0.0150674,0.0150674,0.0150674
4085585.586,0.015125,0.015125,0.015125,0.015125,0.015125,0.015125,0.015125,0.015125,0.015125,0.015125,0.015125
4093493.493,0.0151828,0.0151828,0.0151828,0.0151828,0.0151828,0.0151828,0.0151828,0.0151828,0.0151828,0.0151828,0.0151828
4101401.401,0.0152409,0.0152409,0.0152409,0.0152409,0.0152409,0.0152409,0.0152409,0.0152409,0.0152409,0.0152409,0.0152409
4109309.309,0.0152992,0.0152992,0.0152992,0.0152992,0.0152992,0.0152992,0.0152992,0.0152992,0.0152992,0.0152992,0.0152992
4117217.217,0.0153579,0.0153579,0.0153579,0.0153579,0.0153579,0.0153579,0.0153579,0.0153579,0.0153579,0.0153579,0.0153579
4125125.125,0.0154168,0.0154168,0.0154168,0.0154168,0.0154168,0.0154168,0.0154168,0.0154168,0.0154168,0.0154168,0.0154168
4133033.033,0.015476,0.015476,0.015476,0.015476,0.015476,0.015476,0.015476,0.015476,0.015476,0.015476,0.015476
4140940.941,0.0155355,0.0155355,0.0155355,0.0155355,0.0155355,0.0155355,0.0155355,0.0155355,0.0155355,0.0155355,0.0155355
4148848.849,0.0155953,0.0155953,0.0155953,0.0155953,0.0155953,0.0155953,0.0155953,0.0155953,0.0155953,0.0155953,0.0155953
4156756.757,0.0156553,0.0156553,0.0156553,0.0156553,0.0156553,0.0156553,0.0156553,0.0156553,0.0156553,0.0156553,0.0156553
4164664.665,0.0157157,0.0157157,0.0157157,0.0157157,0.0157157,0.0157157,0.0157157,0.0157157,0.0157157,0.0157157,0.0157157
4172572.573,0.0157763,0.0157763,0.0157763,0.0157763,0.0157763,0.0157763,0.0157763,0.0157763,0.0157763,0.0157763,0.0157763
4180480.48,0.0158373,0.0158373,0.0158373,0.0158373,0.0158373,0.0158373,0.0158373,0.0158373,0.0158373,0.0158373,0.0158373
4188388.388,0.0158985,0.0158985,0.0158985,0.0158985,0.0158985,0.0158985,0.0158985,0.0158985,0.0158985,0.0158985,0.0158985
4196296.296,0.0159601,0.0159601,0.0159601,0.0159601,0.0159601,0.0159601,0.0159601,0.0159601,0.0159601,0.0159601,0.0159601
4204204.204,0.0160219,0.0160219,0.0160219,0.0160219,0.0160219,0.0160219,0.0160219,0.0160219,0.0160219,0.0160219,0.0160219
4212112.112,0.0160841,0.0160841,0.0160841,0.0160841,0.0160841,0.0160841,0.0160841,0.0160841,0.0160841,0.0160841,0.0160841
4220020.02,0.0161466,0.0161466,0.0161466,0.0161466,0.0161466,0.0161466,0.0161466,0.0161466,0.0161466,0.0161466,0.0161466
4227927.928,0.0162093,0.0162093,0.0162093,0.0162093,0.0162093,0.0162093,0.0162093,0.0162093,0.0162093,0.0162093,0.0162093
4235835.836,0.0162724,0.0162724,0.0162724,0.0162724,0.0162724,0.0162724,0.0162724,0.0162724,0.0162724,0.0162724,0.0162724
4243743.744,0.0163358,0.0163358,0.0163358,0.0163358,0.0163358,0.0163358,0.0163358,0.0163358,0.0163358,0.0163358,0.0163358
4251651.652,0.0163996,0.0163996,0.0163996,0.0163996,0.0163996,0.0163996,0.0163996,0.0163996,0.0163996,0.0163996,0.0163996
4259559.56,0.0164636,0.0164636,0.0164636,0.0164636,0.0164636,0.0164636,0.0164636,0.0164636,0.0164636,0.0164636,0.0164636
4267467.467,0.016528,0.016528,0.016528,0.016528,0.016528,0.016528,0.016528,0.016528,0.016528,0.016528,0.016528
4275375.375,0.0165927,0.0165927,0.0165927,0.0165927,0.0165927,0.0165927,0.0165927,0.0165927,0.0165927,0.0165927,0.0165927
4283283.283,0.0166577,0.0166577,0.0166577,0.0166577,0.0166577,0.0166577,0.0166577,0.0166577,0.0166577,0.0166577,0.0166577
4291191.191,0.0167231,0.0167231,0.0167231,0.0167231,0.0167231,0.0167231,0.0167231,0.0167231,0.0167231,0.0167231,0.0167231
4299099.099,0.0167888,0.0167888,0.0167888,0.0167888,0.0167888,0.0167888,0.0167888,0.0167888,0.0167888,0.0167888,0.0167888
4307007.007,0.0168549,0.0168549,0.0168549,0.0168549,0.0168549,0.0168549,0.0168549,0.0168549,0.0168549,0.0168549,0.0168549
4314914.915,0.0169212,0.0169212,0.0169212,0.0169212,0.0169212,0.0169212,0.0169212,0.0169212,0.0169212,0.0169212,0.0169212
4322822.823,0.016988,0.016988,0.016988,0.016988,0.016988,0.016988,0.016988,0.016988,0.016988,0.016988,0.016988
4330730.731,0.017055,0.017055,0.017055,0.017055,0.017055,0.017055,0.017055,0.017055,0.017055,0.017055,0.017055
4338638.639,0.0171225,0.0171225,0.0171225,0.0171225,0.0171225,0.0171225,0.0171225,0.0171225,0.0171225,0.0171225,0.0171225
4346546.547,0.0171903,0.0171903,0.0171903,0.0171903,0.0171903,0.0171903,0.0171903,0.0171903,0.0171903,0.0171903,0.0171903
4354454.454,0.0172584,0.0172584,0.0172584,0.0172584,0.0172584,0.0172584,0.0172584,0.0172584,0.0172584,0.0172584,0.0172584
4362362.362,0.0173269,0.0173269,0.0173269,0.0173269,0.0173269,0.0173269,0.0173269,0.0173269,0.0173269,0.0173269,0.0173269
4370270.27,0.0173958,0.0173958,0.0173958,0.0173958,0.0173958,0.0173958,0.0173958,0.0173958,0.0173958,0.0173958,0.0173958
4378178.178,0.017465,0.017465,0.017465,0.017465,0.017465,0.017465,0.017465,0.017465,0.017465,0.017465,0.017465
4386086.086,0.0175346,0.0175346,0.0175346,0.0175346,0.0175346,0.0175346,0.0175346,0.0175346,0.0175346,0.0175346,0.0175346
4393993.994,0.0176046,0.0176046,0.0176046,0.0176046,0.0176046,0.0176046,0.0176046,0.0176046,0.0176046,0.0176046,0.0176046
4401901.902,0.0176749,0.0176749,0.0176749,0.0176749,0.0176749,0.0176749,0.0176749,0.0176749,0.0176749,0.0176749,0.0176749
4409809.81,0.0177456,0.0177456,0.0177456,0.0177456,0.0177456,0.0177456,0.0177456,0.0177456,0.0177456,0.0177456,0.0177456
4417717.718,0.0178167,0.0178167,0.0178167,0.0178167,0.0178167,0.0178167,0.0178167,0.0178167,0.0178167,0.0178167,0.0178167
4425625.626,0.0178882,0.0178882,0.0178882,0.0178882,0.0178882,0.0178882,0.0178882,0.0178882,0.0178882,0.0178882,0.0178882
4433533.534,0.0179601,0.0179601,0.0179601,0.0179601,0.0179601,0.0179601,0.0179601,0.0179601,0.0179601,0.0179601,0.0179601
4441441.441,0.0180324,0.0180324,0.0180324,0.0180324,0.0180324,0.0180324,0.0180324,0.0180324,0.0180324,0.0180324,0.0180324
4449349.349,0.018105,0.018105,0.018105,0.018105,0.018105,0.018105,0.018105,0.018105,0.018105,0.018105,0.018105
4457257.257,0.0181781,0.0181781,0.0181781,0.0181781,0.0181781,0.0181781,0.0181781,0.0181781,0.0181781,0.0181781,0.0181781
4465165.165,0.0182516,0.0182516,0.0182516,0.0182516,0.0182516,0.0182516,0.0182516,0.0182516,0.0182516,0.0182516,0.0182516
4473073.073,0.0183255,0.0183255,0.0183255,0.0183255,0.0183255,0.0183255,0.0183255,0.0183255,0.0183255,0.0183255,0.0183255
4480980.981,0.0183998,0.0183998,0.0183998,0.0183998,0.0183998,0.0183998,0.0183998,0.0183998,0.0183998,0.0183998,0.0183998
4488888.889,0.0184745,0.0184745,0.0184745,0.0184745,0.0184745,0.0184745,0.0184745,0.0184745,0.0184745,0.0184745,0.0184745
4496796.797,0.0185496,0.0185496,0.0185496,0.0185496,0.0185496,0.0185496,0.0185496,0.0185496,0.0185496,0.0185496,0.0185496
4504704.705,0.0186251,0.0186251,0.0186251,0.0186251,0.0186251,0.0186251,0.0186251,0.0186251,0.0186251,0.0186251,0.0186251
4512612.613,0.0187011,0.0187011,0.0187011,0.0187011,0.0187011,0.0187011,0.0187011,0.0187011,0.0187011,0.0187011,0.0187011
4520520.521,0.0187775,0.0187775,0.0187775,0.0187775,0.0187775,0.0187775,0.0187775,0.0187775,0.0187775,0.0187775,0.0187775
4528428.428,0.0188543,0.0188543,0.0188543,0.0188543,0.0188543,0.0188543,0.0188543,0.0188543,0.0188543,0.0188543,0.0188543
4536336.336,0.0189316,0.0189316,0.0189316,0.0189316,0.0189316,0.0189316,0.0189316,0.0189316,0.0189316,0.0189316,0.0189316
4544244.244,0.0190093,0.0190093,0.0190093,0.0190093,0.0190093,0.0190093,0.0190093,0.0190093,0.0190093,0.0190093,0.0190093
4552152.152,0.0190875,0.0190875,0.0190875,0.0190875,0.0190875,0.0190875,0.0190875,0.0190875,0.0190875,0.0190875,0.0190875
4560060.06,0.0191661,0.0191661,0.0191661,0.0191661,0.0191661,0.0191661,0.0191661,0.0191661,0.0191661,0.0191661,0.0191661
4567967.968,0.0192452,0.0192452,0.0192452,0.0192452,0.0192452,0.0192452,0.0192452,0.0192452,0.0192452,0.0192452,0.0192452
4575875.876,0.0193247,0.0193247,0.0193247,0.0193247,0.0193247,0.0193247,0.0193247,0.0193247,0.0193247,0.0193247,0.0193247
4583783.784,0.0194047,0.0194047,0.0194047,0.0194047,0.0194047,0.0194047,0.0194047,0.0194047,0.0194047,0.0194047,0.0194047
4591691.692,0.0194851,0.0194851,0.0194851,0.0194851,0.0194851,0.0194851,0.0194851,0.0194851,0.0194851,0.0194851,0.0194851
4599599.6,0.0195661,0.0195661,0.0195661,0.0195661,0.0195661,0.0195661,0.0195661,0.0195661,0.0195661,0.0195661,0.0195661
4607507.508,0.0196475,0.0196475,0.0196475,0.0196475,0.0196475,0.0196475,0.0196475,0.0196475,0.0196475,0.0196475,0.0196475
4615415.415,0.0197293,0.0197293,0.0197293,0.0197293,0.0197293,0.0197293,0.0197293,0.0197293,0.0197293,0.0197293,0.0197293
4623323.323,0.0198117,0.0198117,0.0198117,0.0198117,0.0198117,0.0198117,0.0198117,0.0198117,0.0198117,0.0198117,0.0198117
4631231.231,0.0198945,0.0198945,0.0198945,0.0198945,0.0198945,0.0198945,0.0198945,0.0198945,0.0198945,0.0198945,0.0198945
4639139.139,0.0199779,0.0199779,0.0199779,0.0199779,0.0199779,0.0199779,0.0199779,0.0199779,0.0199779,0.0199779,0.0199779
4647047.047,0.0200617,0.0200617,0.0200617,0.0200617,0.0200617,0.0200617,0.0200617,0.0200617,0.0200617,0.0200617,0.0200617
4654954.955,0.0201461,0.0201461,0.0201461,0.0201461,0.0201461,0.0201461,0.0201461,0.0201461,0.0201461,0.0201461,0.0201461
4662862.863,0.020231,0.020231,0.020231,0.020231,0.020231,0.020231,0.020231,0.020231,0.020231,0.020231,0.020231
4670770.771,0.0203163,0.0203163,0.0203163,0.0203163,0.0203163,0.0203163,0.0203163,0.0203163,0.0203163,0.0203163,0.0203163
4678678.679,0.0204022,0.0204022,0.0204022,0.0204022,0.0204022,0.0204022,0.0204022,0.0204022,0.0204022,0.0204022,0.0204022
4686586.587,0.0204886,0.0204886,0.0204886,0.0204886,0.0204886,0.0204886,0.0204886,0.0204886,0.0204886,0.0204886,0.0204886
4694494.494,0.0205756,0.0205756,0.0205756,0.0205756,0.0205756,0.0205756,0.0205756,0.0205756,0.0205756,0.0205756,0.0205756
4702402.402,0.0206631,0.0206631,0.0206631,0.0206631,0.0206631,0.0206631,0.0206631,0.0206631,0.0206631,0.0206631,0.0206631
4710310.31,0.0207511,0.0207511,0.0207511,0.0207511,0.0207511,0.0207511,0.0207511,0.0207511,0.0207511,0.0207511,0.0207511
4718218.218,0.0208396,0.0208396,0.0208396,0.0208396,0.0208396,0.0208396,0.0208396,0.0208396,0.0208396,0.0208396,0.0208396
4726126.126,0.0209287,0.0209287,0.0209287,0.0209287,0.0209287,0.0209287,0.0209287,0.0209287,0.0209287,0.0209287,0.0209287
4734034.034,0.0210184,0.0210184,0.0210184,0.0210184,0.0210184,0.0210184,0.0210184,0.0210184,0.0210184,0.0210184,0.0210184
4741941.942,0.0211086,0.0211086,0.0211086,0.0211086,0.0211086,0.0211086,0.0211086,0.0211086,0.0211086,0.0211086,0.0211086
4749849.85,0.0211994,0.0211994,0.0211994,0.0211994,0.0211994,0.0211994,0.0211994,0.0211994,0.0211994,0.0211994,0.0211994
4757757.758,0.0212908,0.0212908,0.0212908,0.0212908,0.0212908,0.0212908,0.0212908,0.0212908,0.0212908,0.0212908,0.0212908
4765665.666,0.0213827,0.0213827,0.0213827,0.0213827,0.0213827,0.0213827,0.0213827,0.0213827,0.0213827,0.0213827,0.0213827
4773573.574,0.0214753,0.0214753,0.0214753,0.0214753,0.0214753,0.0214753,0.0214753,0.0214753,0.0214753,0.0214753,0.0214753
4781481.481,0.0215684,0.0215684,0.0215684,0.0215684,0.0215684,0.0215684,0.0215684,0.0215684,0.0215684,0.0215684,0.0215684
4789389.389,0.0216621,0.0216621,0.0216621,0.0216621,0.0216621,0.0216621,0.0216621,0.0216621,0.0216621,0.0216621,0.0216621
4797297.297,0.0217564,0.0217564,0.0217564,0.0217564,0.0217564,0.0217564,0.0217564,0.0217564,0.0217564,0.0217564,0.0217564
4805205.205,0.0218513,0.0218513,0.0218513,0.0218513,0.0218513,0.0218513,0.0218513,0.0218513,0.0218513,0.0218513,0.0218513
4813113.113,0.0219468,0.0219468,0.0219468,0.0219468,0.0219468,0.0219468,0.0219468,0.0219468,0.0219468,0.0219468,0.0219468
4821021.021,0.022043,0.022043,0.022043,0.022043,0.022043,0.022043,0.022043,0.022043,0.022043,0.022043,0.022043
4828928.929,0.0221398,0.0221398,0.0221398,0.0221398,0.0221398,0.0221398,0.0221398,0.0221398,0.0221398,0.0221398,0.0221398
4836836.837,0.0222372,0.0222372,0.0222372,0.0222372,0.0222372,0.0222372,0.0222372,0.0222372,0.0222372,0.0222372,0.0222372
4844744.745,0.0223353,0.0223353,0.0223353,0.0223353,0.0223353,0.0223353,0.0223353,0.0223353,0.0223353,0.0223353,0.0223353
4852652.653,0.022434,0.022434,0.022434,0.022434,0.022434,0.022434,0.022434,0.022434,0.022434,0.022434,0.022434
4860560.561,0.0225333,0.0225333,0.0225333,0.0225333,0.0225333,0.0225333,0.0225333,0.0225333,0.0225333,0.0225333,0.0225333
4868468.468,0.0226333,0.0226333,0.0226333,0.0226333,0.0226333,0.0226333,0.0226333,0.0226333,0.0226333,0.0226333,0.0226333
4876376.376,0.022734,0.022734,0.022734,0.022734,0.022734,0.022734,0.022734,0.022734,0.022734,0.022734,0.022734
4884284.284,0.0228353,0.0228353,0.0228353,0.0228353,0.0228353,0.0228353,0.0228353,0.0228353,0.0228353,0.0228353,0.0228353
4892192.192,0.0229374,0.0229374,0.0229374,0.0229374,0.0229374,0.0229374,0.0229374,0.0229374,0.0229374,0.0229374,0.0229374
4900100.1,0.0230401,0.0230401,0.0230401,0.0230401,0.0230401,0.0230401,0.0230401,0.0230401,0.0230401,0.0230401,0.0230401
4908008.008,0.0231435,0.0231435,0.0231435,0.0231435,0.0231435,0.0231435,0.0231435,0.0231435,0.0231435,0.0231435,0.0231435
4915915.916,0.0232476,0.0232476,0.0232476,0.0232476,0.0232476,0.0232476,0.0232476,0.0232476,0.0232476,0.0232476,0.0232476
4923823.824,0.0233525,0.0233525,0.0233525,0.0233525,0.0233525,0.0233525,0.0233525,0.0233525,0.0233525,0.0233525,0.0233525
4931731.732,0.023458,0.023458,0.023458,0.023458,0.023458,0.023458,0.023458,0.023458,0.023458,0.023458,0.023458
4939639.64,0.0235643,0.0235643,0.0235643,0.0235643,0.0235643,0.0235643,0.0235643,0.0235643,0.0235643,0.0235643,0.0235643
4947547.548,0.0236713,0.0236713,0.0236713,0.0236713,0.0236713,0.0236713,0.0236713,0.0236713,0.0236713,0.0236713,0.0236713
4955455.455,0.0237791,0.0237791,0.0237791,0.0237791,0.0237791,0.0237791,0.0237791,0.0237791,0.0237791,0.0237791,0.0237791
4963363.363,0.0238876,0.0238876,0.0238876,0.0238876,0.0238876,0.0238876,0.0238876,0.0238876,0.0238876,0.0238876,0.0238876
4971271.271,0.0239968,0.0239968,0.0239968,0.0239968,0.0239968,0.0239968,0.0239968,0.0239968,0.0239968,0.0239968,0.0239968
4979179.179,0.0241068,0.0241068,0.0241068,0.0241068,0.0241068,0.0241068,0.0241068,0.0241068,0.0241068,0.0241068,0.0241068
4987087.087,0.0242176,0.0242176,0.0242176,0.0242176,0.0242176,0.0242176,0.0242176,0.0242176,0.0242176,0.0242176,0.0242176
4994994.995,0.0243292,0.0243292,0.0243292,0.0243292,0.0243292,0.0243292,0.0243292,0.0243292,0.0243292,0.0243292,0.0243292
5002902.903,0.0244416,0.0244416,0.0244416,0.0244416,0.0244416,0.0244416,0.0244416,0.0244416,0.0244416,0.0244416,0.0244416
5010810.811,0.0245548,0.0245548,0.0245548,0.0245548,0.0245548,0.0245548,0.0245548,0.0245548,0.0245548,0.0245548,0.0245548
5018718.719,0.0246688,0.0246688,0.0246688,0.0246688,0.0246688,0.0246688,0.0246688,0.0246688,0.0246688,0.0246688,0.0246688
5026626.627,0.0247836,0.0247836,0.0247836,0.0247836,0.0247836,0.0247836,0.0247836,0.0247836,0.0247836,0.0247836,0.0247836
5034534.535,0.0248992,0.0248992,0.0248992,0.0248992,0.0248992,0.0248992,0.0248992,0.0248992,0.0248992,0.0248992,0.0248992
5042442.442,0.0250157,0.0250157,0.0250157,0.0250157,0.0250157,0.0250157,0.0250157,0.0250157,0.0250157,0.0250157,0.0250157
5050350.35,0.025133,0.025133,0.025133,0.025133,0.025133,0.025133,0.025133,0.025133,0.025133,0.025133,0.025133
5058258.258,0.0252512,0.0252512,0.0252512,0.0252512,0.0252512,0.0252512,0.0252512,0.0252512,0.0252512,0.0252512,0.0252512
5066166.166,0.0253702,0.0253702,0.0253702,0.0253702,0.0253702,0.0253702,0.0253702,0.0253702,0.0253702,0.0253702,0.0253702
5074074.074,0.0254901,0.0254901,0.0254901,0.0254901,0.0254901,0.0254901,0.0254901,0.0254901,0.0254901,0.0254901,0.0254901
5081981.982,0.0256109,0.0256109,0.0256109,0.0256109,0.0256109,0.0256109,0.0256109,0.0256109,0.0256109,0.0256109,0.0256109
5089889.89,0.0257326,0.0257326,0.0257326,0.0257326,0.0257326,0.0257326,0.0257326,0.0257326,0.0257326,0.0257326,0.0257326
5097797.798,0.0258553,0.0258553,0.0258553,0.0258553,0.0258553,0.0258553,0.0258553,0.0258553,0.0258553,0.0258553,0.0258553
5105705.706,0.0259788,0.0259788,0.0259788,0.0259788,0.0259788,0.0259788,0.0259788,0.0259788,0.0259788,0.0259788,0.0259788
5113613.614,0.0261032,0.0261032,0.0261032,0.0261032,0.0261032,0.0261032,0.0261032,0.0261032,0.0261032,0.0261032,0.0261032
5121521.522,0.0262286,0.0262286,0.0262286,0.0262286,0.0262286,0.0262286,0.0262286,0.0262286,0.0262286,0.0262286,0.0262286
5129429.429,0.026355,0.026355,0.026355,0.026355,0.026355,0.026355,0.026355,0.026355,0.026355,0.026355,0.026355
5137337.337,0.0264823,0.0264823,0.0264823,0.0264823,0.0264823,0.0264823,0.0264823,0.0264823,0.0264823,0.0264823,0.0264823
5145245.245,0.0266106,0.0266106,0.0266106,0.0266106,0.0266106,0.0266106,0.0266106,0.0266106,0.0266106,0.0266106,0.0266106
5153153.153,0.0267398,0.0267398,0.0267398,0.0267398,0.0267398,0.0267398,0.0267398,0.0267398,0.0267398,0.0267398,0.0267398
5161061.061,0.0268701,0.0268701,0.0268701,0.0268701,0.0268701,0.0268701,0.0268701,0.0268701,0.0268701,0.0268701,0.0268701
5168968.969,0.0270014,0.0270014,0.0270014,0.0270014,0.0270014,0.0270014,0.0270014,0.0270014,0.0270014,0.0270014,0.0270014
5176876.877,0.0271337,0.0271337,0.0271337,0.0271337,0.0271337,0.0271337,0.0271337,0.0271337,0.0271337,0.0271337,0.0271337
5184784.785,0.027267,0.027267,0.027267,0.027267,0.027267,0.027267,0.027267,0.027267,0.027267,0.027267,0.027267
5192692.693,0.0274014,0.0274014,0.0274014,0.0274014,0.0274014,0.0274014,0.0274014,0.0274014,0.0274014,0.0274014,0.0274014
5200600.601,0.0275368,0.0275368,0.0275368,0.0275368,0.0275368,0.0275368,0.0275368,0.0275368,0.0275368,0.0275368,0.0275368
5208508.509,0.0276733,0.0276733,0.0276733,0.0276733,0.0276733,0.0276733,0.0276733,0.0276733,0.0276733,0.0276733,0.0276733
5216416.416,0.0278109,0.0278109,0.0278109,0.0278109,0.0278109,0.0278109,0.0278109,0.0278109,0.0278109,0.0278109,0.0278109
5224324.324,0.0279496,0.0279496,0.0279496,0.0279496,0.0279496,0.0279496,0.0279496,0.0279496,0.0279496,0.0279496,0.0279496
5232232.232,0.0280894,0.0280894,0.0280894,0.0280894,0.0280894,0.0280894,0.0280894,0.0280894,0.0280894,0.0280894,0.0280894
5240140.14,0.0282303,0.0282303,0.0282303,0.0282303,0.0282303,0.0282303,0.0282303,0.0282303,0.0282303,0.0282303,0.0282303
5248048.048,0.0283724,0.0283724,0.0283724,0.0283724,0.0283724,0.0283724,0.0283724,0.0283724,0.0283724,0.0283724,0.0283724
5255955.956,0.0285156,0.0285156,0.0285156,0.0285156,0.0285156,0.0285156,0.0285156,0.0285156,0.0285156,0.0285156,0.0285156
5263863.864,0.02866,0.02866,0.02866,0.02866,0.02866,0.02866,0.02866,0.02866,0.02866,0.02866,0.02866
5271771.772,0.0288056,0.0288056,0.0288056,0.0288056,0.0288056,0.0288056,0.0288056,0.0288056,0.0288056,0.0288056,0.0288056
5279679.68,0.0289523,0.0289523,0.0289523,0.0289523,0.0289523,0.0289523,0.0289523,0.0289523,0.0289523,0.0289523,0.0289523
5287587.588,0.0291003,0.0291003,0.0291003,0.0291003,0.0291003,0.0291003,0.0291003,0.0291003,0.0291003,0.0291003,0.0291003
5295495.495,0.0292495,0.0292495,0.0292495,0.0292495,0.0292495,0.0292495,0.0292495,0.0292495,0.0292495,0.0292495,0.0292495
5303403.403,0.0294,0.0294,0.0294,0.0294,0.0294,0.0294,0.0294,0.0294,0.0294,0.0294,0.0294
5311311.311,0.0295517,0.0295517,0.0295517,0.0295517,0.0295517,0.0295517,0.0295517,0.0295517,0.0295517,0.0295517,0.0295517
5319219.219,0.0297047,0.0297047,0.0297047,0.0297047,0.0297047,0.0297047,0.0297047,0.0297047,0.0297047,0.0297047,0.0297047
5327127.127,0.029859,0.029859,0.029859,0.029859,0.029859,0.029859,0.029859,0.029859,0.029859,0.029859,0.029859
5335035.035,0.0300146,0.0300146,0.0300146,0.0300146,0.0300146,0.0300146,0.0300146,0.0300146,0.0300146,0.0300146,0.0300146
5342942.943,0.0301715,0.0301715,0.0301715,0.0301715,0.0301715,0.0301715,0.0301715,0.0301715,0.0301715,0.0301715,0.0301715
5350850.851,0.0303298,0.0303298,0.0303298,0.0303298,0.0303298,0.0303298,0.0303298,0.0303298,0.0303298,0.0303298,0.0303298
5358758.759,0.0304895,0.0304895,0.0304895,0.0304895,0.0304895,0.0304895,0.0304895,0.0304895,0.0304895,0.0304895,0.0304895
5366666.667,0.0306505,0.0306505,0.0306505,0.0306505,0.0306505,0.0306505,0.0306505,0.0306505,0.0306505,0.0306505,0.0306505
5374574.575,0.0308129,0.0308129,0.0308129,0.0308129,0.0308129,0.0308129,0.0308129,0.0308129,0.0308129,0.0308129,0.0308129
5382482.482,0.0309768,0.0309768,0.0309768,0.0309768,0.0309768,0.0309768,0.0309768,0.0309768,0.0309768,0.0309768,0.0309768
5390390.39,0.031142,0.031142,0.031142,0.031142,0.031142,0.031142,0.031142,0.031142,0.031142,0.031142,0.031142
5398298.298,0.0313088,0.0313088,0.0313088,0.0313088,0.0313088,0.0313088,0.0313088,0.0313088,0.0313088,0.0313088,0.0313088
5406206.206,0.031477,0.031477,0.031477,0.031477,0.031477,0.031477,0.031477,0.031477,0.031477,0.031477,0.031477
5414114.114,0.0316467,0.0316467,0.0316467,0.0316467,0.0316467,0.0316467,0.0316467,0.0316467,0.0316467,0.0316467,0.0316467
5422022.022,0.031818,0.031818,0.031818,0.031818,0.031818,0.031818,0.031818,0.031818,0.031818,0.031818,0.031818
5429929.93,0.0319908,0.0319908,0.0319908,0.0319908,0.0319908,0.0319908,0.0319908,0.0319908,0.0319908,0.0319908,0.0319908
5437837.838,0.0321651,0.0321651,0.0321651,0.0321651,0.0321651,0.0321651,0.0321651,0.0321651,0.0321651,0.0321651,0.0321651
5445745.746,0.032341,0.032341,0.032341,0.032341,0.032341,0.032341,0.032341,0.032341,0.032341,0.032341,0.032341
5453653.654,0.0325185,0.0325185,0.0325185,0.0325185,0.0325185,0.0325185,0.0325185,0.0325185,0.0325185,0.0325185,0.0325185
5461561.562,0.0326977,0.0326977,0.0326977,0.0326977,0.0326977,0.0326977,0.0326977,0.0326977,0.0326977,0.0326977,0.0326977
5469469.469,0.0328785,0.0328785,0.0328785,0.0328785,0.0328785,0.0328785,0.0328785,0.0328785,0.0328785,0.0328785,0.0328785
5477377.377,0.033061,0.033061,0.033061,0.033061,0.033061,0.033061,0.033061,0.033061,0.033061,0.033061,0.033061
5485285.285,0.0332452,0.0332452,0.0332452,0.0332452,0.0332452,0.0332452,0.0332452,0.0332452,0.0332452,0.0332452,0.0332452
5493193.193,0.0334311,0.0334311,0.0334311,0.0334311,0.0334311,0.0334311,0.0334311,0.0334311,0.0334311,0.0334311,0.0334311
5501101.101,0.0336187,0.0336187,0.0336187,0.0336187,0.0336187,0.0336187,0.0336187,0.0336187,0.0336187,0.0336187,0.0336187
5509009.009,0.0338081,0.0338081,0.0338081,0.0338081,0.0338081,0.0338081,0.0338081,0.0338081,0.0338081,0.0338081,0.0338081
5516916.917,0.0339994,0.0339994,0.0339994,0.0339994,0.0339994,0.0339994,0.0339994,0.0339994,0.0339994,0.0339994,0.0339994
5524824.825,0.0341924,0.0341924,0.0341924,0.0341924,0.0341924,0.0341924,0.0341924,0.0341924,0.0341924,0.0341924,0.0341924
5532732.733,0.0343873,0.0343873,0.0343873,0.0343873,0.0343873,0.0343873,0.0343873,0.0343873,0.0343873,0.0343873,0.0343873
5540640.641,0.0345841,0.0345841,0.0345841,0.0345841,0.0345841,0.0345841,0.0345841,0.0345841,0.0345841,0.0345841,0.0345841
5548548.549,0.0347828,0.0347828,0.0347828,0.0347828,0.0347828,0.0347828,0.0347828,0.0347828,0.0347828,0.0347828,0.0347828
5556456.456,0.0349834,0.0349834,0.0349834,0.0349834,0.0349834,0.0349834,0.0349834,0.0349834,0.0349834,0.0349834,0.0349834
5564364.364,0.035186,0.035186,0.035186,0.035186,0.035186,0.035186,0.035186,0.035186,0.035186,0.035186,0.035186
5572272.272,0.0353905,0.0353905,0.0353905,0.0353905,0.0353905,0.0353905,0.0353905,0.0353905,0.0353905,0.0353905,0.0353905
5580180.18,0.0355971,0.0355971,0.0355971,0.0355971,0.0355971,0.0355971,0.0355971,0.0355971,0.0355971,0.0355971,0.0355971
5588088.088,0.0358058,0.0358058,0.0358058,0.0358058,0.0358058,0.0358058,0.0358058,0.0358058,0.0358058,0.0358058,0.0358058
5595995.996,0.0360165,0.0360165,0.0360165,0.0360165,0.0360165,0.0360165,0.0360165,0.0360165,0.0360165,0.0360165,0.0360165
5603903.904,0.0362294,0.0362294,0.0362294,0.0362294,0.0362294,0.0362294,0.0362294,0.0362294,0.0362294,0.0362294,0.0362294
5611811.812,0.0364444,0.0364444,0.0364444,0.0364444,0.0364444,0.0364444,0.0364444,0.0364444,0.0364444,0.0364444,0.0364444
5619719.72,0.0366616,0.0366616,0.0366616,0.0366616,0.0366616,0.0366616,0.0366616,0.0366616,0.0366616,0.0366616,0.0366616
5627627.628,0.036881,0.036881,0.036881,0.036881,0.036881,0.036881,0.036881,0.036881,0.036881,0.036881,0.036881
5635535.536,0.0371027,0.0371027,0.0371027,0.0371027,0.0371027,0.0371027,0.0371027,0.0371027,0.0371027,0.0371027,0.0371027
5643443.443,0.0373266,0.0373266,0.0373266,0.0373266,0.0373266,0.0373266,0.0373266,0.0373266,0.0373266,0.0373266,0.0373266
5651351.351,0.0375529,0.0375529,0.0375529,0.0375529,0.0375529,0.0375529,0.0375529,0.0375529,0.0375529,0.0375529,0.0375529
5659259.259,0.0377815,0.0377815,0.0377815,0.0377815,0.0377815,0.0377815,0.0377815,0.0377815,0.0377815,0.0377815,0.0377815
5667167.167,0.0380125,0.0380125,0.0380125,0.0380125,0.0380125,0.0380125,0.0380125,0.0380125,0.0380125,0.0380125,0.0380125
5675075.075,0.038246,0.038246,0.038246,0.038246,0.038246,0.038246,0.038246,0.038246,0.038246,0.038246,0.038246
5682982.983,0.038482,0.038482,0.038482,0.038482,0.038482,0.038482,0.038482,0.038482,0.038482,0.038482,0.038482
5690890.891,0.0387204,0.0387204,0.0387204,0.0387204,0.0387204,0.0387204,0.0387204,0.0387204,0.0387204,0.0387204,0.0387204
5698798.799,0.0389614,0.0389614,0.0389614,0.0389614,0.0389614,0.0389614,0.0389614,0.0389614,0.0389614,0.0389614,0.0389614
5706706.707,0.0392051,0.0392051,0.0392051,0.0392051,0.0392051,0.0392051,0.0392051,0.0392051,0.0392051,0.0392051,0.0392051
5714614.615,0.0394513,0.0394513,0.0394513,0.0394513,0.0394513,0.0394513,0.0394513,0.0394513,0.0394513,0.0394513,0.0394513
5722522.523,0.0397003,0.0397003,0.0397003,0.0397003,0.0397003,0.0397003,0.0397003,0.0397003,0.0397003,0.0397003,0.0397003
5730430.43,0.039952,0.039952,0.039952,0.039952,0.039952,0.039952,0.039952,0.039952,0.039952,0.039952,0.039952
5738338.338,0.0402064,0.0402064,0.0402064,0.0402064,0.0402064,0.0402064,0.0402064,0.0402064,0.0402064,0.0402064,0.0402064
5746246.246,0.0404637,0.0404637,0.0404637,0.0404637,0.0404637,0.0404637,0.0404637,0.0404637,0.0404637,0.0404637,0.0404637
5754154.154,0.0407239,0.0407239,0.0407239,0.0407239,0.0407239,0.0407239,0.0407239,0.0407239,0.0407239,0.0407239,0.0407239
5762062.062,0.0409869,0.0409869,0.0409869,0.0409869,0.0409869,0.0409869,0.0409869,0.0409869,0.0409869,0.0409869,0.0409869
5769969.97,0.041253,0.041253,0.041253,0.041253,0.041253,0.041253,0.041253,0.041253,0.041253,0.041253,0.041253
5777877.878,0.0415221,0.0415221,0.0415221,0.0415221,0.0415221,0.0415221,0.0415221,0.0415221,0.0415221,0.0415221,0.0415221
5785785.786,0.0417942,0.0417942,0.0417942,0.0417942,0.0417942,0.0417942,0.0417942,0.0417942,0.0417942,0.0417942,0.0417942
5793693.694,0.0420695,0.0420695,0.0420695,0.0420695,0.0420695,0.0420695,0.0420695,0.0420695,0.0420695,0.0420695,0.0420695
5801601.602,0.0423479,0.0423479,0.0423479,0.0423479,0.0423479,0.0423479,0.0423479,0.0423479,0.0423479,0.0423479,0.0423479
5809509.51,0.0426296,0.0426296,0.0426296,0.0426296,0.0426296,0.0426296,0.0426296,0.0426296,0.0426296,0.0426296,0.0426296
5817417.417,0.0429146,0.0429146,0.0429146,0.0429146,0.0429146,0.0429146,0.0429146,0.0429146,0.0429146,0.0429146,0.0429146
5825325.325,0.043203,0.043203,0.043203,0.043203,0.043203,0.043203,0.043203,0.043203,0.043203,0.043203,0.043203
5833233.233,0.0434948,0.0434948,0.0434948,0.0434948,0.0434948,0.0434948,0.0434948,0.0434948,0.0434948,0.0434948,0.0434948
5841141.141,0.04379,0.04379,0.04379,0.04379,0.04379,0.04379,0.04379,0.04379,0.04379,0.04379,0.04379
5849049.049,0.0440888,0.0440888,0.0440888,0.0440888,0.0440888,0.0440888,0.0440888,0.0440888,0.0440888,0.0440888,0.0440888
5856956.957,0.0443912,0.0443912,0.0443912,0.0443912,0.0443912,0.0443912,0.0443912,0.0443912,0.0443912,0.0443912,0.0443912
5864864.865,0.0446973,0.0446973,0.0446973,0.0446973,0.0446973,0.0446973,0.0446973,0.0446973,0.0446973,0.0446973,0.0446973
5872772.773,0.0450071,0.0450071,0.0450071,0.0450071,0.0450071,0.0450071,0.0450071,0.0450071,0.0450071,0.0450071,0.0450071
5880680.681,0.0453207,0.0453207,0.0453207,0.0453207,0.0453207,0.0453207,0.0453207,0.0453207,0.0453207,0.0453207,0.0453207
5888588.589,0.0456382,0.0456382,0.0456382,0.0456382,0.0456382,0.0456382,0.0456382,0.0456382,0.0456382,0.0456382,0.0456382
5896496.496,0.0459597,0.0459597,0.0459597,0.0459597,0.0459597,0.0459597,0.0459597,0.0459597,0.0459597,0.0459597,0.0459597
5904404.404,0.0462852,0.0462852,0.0462852,0.0462852,0.0462852,0.0462852,0.0462852,0.0462852,0.0462852,0.0462852,0.0462852
5912312.312,0.0466148,0.0466148,0.0466148,0.0466148,0.0466148,0.0466148,0.0466148,0.0466148,0.0466148,0.0466148,0.0466148
5920220.22,0.0469486,0.0469486,0.0469486,0.0469486,0.0469486,0.0469486,0.0469486,0.0469486,0.0469486,0.0469486,0.0469486
5928128.128,0.0472866,0.0472866,0.0472866,0.0472866,0.0472866,0.0472866,0.0472866,0.0472866,0.0472866,0.0472866,0.0472866
5936036.036,0.047629,0.047629,0.047629,0.047629,0.047629,0.047629,0.047629,0.047629,0.047629,0.047629,0.047629
5943943.944,0.0479759,0.0479759,0.0479759,0.0479759,0.0479759,0.0479759,0.0479759,0.0479759,0.0479759,0.0479759,0.0479759
5951851.852,0.0483272,0.0483272,0.0483272,0.0483272,0.0483272,0.0483272,0.0483272,0.0483272,0.0483272,0.0483272,0.0483272
5959759.76,0.0486832,0.0486832,0.0486832,0.0486832,0.0486832,0.0486832,0.0486832,0.0486832,0.0486832,0.0486832,0.0486832
5967667.668,0.0490439,0.0490439,0.0490439,0.0490439,0.0490439,0.0490439,0.0490439,0.0490439,0.0490439,0.0490439,0.0490439
5975575.576,0.0494094,0.0494094,0.0494094,0.0494094,0.0494094,0.0494094,0.0494094,0.0494094,0.0494094,0.0494094,0.0494094
5983483.483,0.0497797,0.0497797,0.0497797,0.0497797,0.0497797,0.0497797,0.0497797,0.0497797,0.0497797,0.0497797,0.0497797
5991391.391,0.0501551,0.0501551,0.0501551,0.0501551,0.0501551,0.0501551,0.0501551,0.0501551,0.0501551,0.0501551,0.0501551
5999299.299,0.0505356,0.0505356,0.0505356,0.0505356,0.0505356,0.0505356,0.0505356,0.0505356,0.0505356,0.0505356,0.0505356
6007207.207,0.0509213,0.0509213,0.0509213,0.0509213,0.0509213,0.0509213,0.0509213,0.0509213,0.0509213,0.0509213,0.0509213
6015115.115,0.0513123,0.0513123,0.0513123,0.0513123,0.0513123,0.0513123,0.0513123,0.0513123,0.0513123,0.0513123,0.0513123
6023023.023,0.0517087,0.0517087,0.0517087,0.0517087,0.0517087,0.0517087,0.0517087,0.0517087,0.0517087,0.0517087,0.0517087
6030930.931,0.0521106,0.0521106,0.0521106,0.0521106,0.0521106,0.0521106,0.0521106,0.0521106,0.0521106,0.0521106,0.0521106
6038838.839,0.0525183,0.0525183,0.0525183,0.0525183,0.0525183,0.0525183,0.0525183,0.0525183,0.0525183,0.0525183,0.0525183
6046746.747,0.0529317,0.0529317,0.0529317,0.0529317,0.0529317,0.0529317,0.0529317,0.0529317,0.0529317,0.0529317,0.0529317
6054654.655,0.053351,0.053351,0.053351,0.053351,0.053351,0.053351,0.053351,0.053351,0.053351,0.053351,0.053351
6062562.563,0.0537763,0.0537763,0.0537763,0.0537763,0.0537763,0.0537763,0.0537763,0.0537763,0.0537763,0.0537763,0.0537763
6070470.47,0.0542078,0.0542078,0.0542078,0.0542078,0.0542078,0.0542078,0.0542078,0.0542078,0.0542078,0.0542078,0.0542078
6078378.378,0.0546456,0.0546456,0.0546456,0.0546456,0.0546456,0.0546456,0.0546456,0.0546456,0.0546456,0.0546456,0.0546456
6086286.286,0.0550898,0.0550898,0.0550898,0.0550898,0.0550898,0.0550898,0.0550898,0.0550898,0.0550898,0.0550898,0.0550898
6094194.194,0.0555406,0.0555406,0.0555406,0.0555406,0.0555406,0.0555406,0.0555406,0.0555406,0.0555406,0.0555406,0.0555406
6102102.102,0.0559981,0.0559981,0.0559981,0.0559981,0.0559981,0.0559981,0.0559981,0.0559981,0.0559981,0.0559981,0.0559981
6110010.01,0.0564626,0.0564626,0.0564626,0.0564626,0.0564626,0.0564626,0.0564626,0.0564626,0.0564626,0.0564626,0.0564626
6117917.918,0.056934,0.056934,0.056934,0.056934,0.056934,0.056934,0.056934,0.056934,0.056934,0.056934,0.056934
6125825.826,0.0574127,0.0574127,0.0574127,0.0574127,0.0574127,0.0574127,0.0574127,0.0574127,0.0574127,0.0574127,0.0574127
6133733.734,0.0578987,0.0578987,0.0578987,0.0578987,0.0578987,0.0578987,0.0578987,0.0578987,0.0578987,0.0578987,0.0578987
6141641.642,0.0583923,0.0583923,0.0583923,0.0583923,0.0583923,0.0583923,0.0583923,0.0583923,0.0583923,0.0583923,0.0583923
6149549.55,0.0588936,0.0588936,0.0588936,0.0588936,0.0588936,0.0588936,0.0588936,0.0588936,0.0588936,0.0588936,0.0588936
6157457.457,0.0594028,0.0594028,0.0594028,0.0594028,0.0594028,0.0594028,0.0594028,0.0594028,0.0594028,0.0594028,0.0594028
6165365.365,0.05992,0.05992,0.05992,0.05992,0.05992,0.05992,0.05992,0.05992,0.05992,0.05992,0.05992
6173273.273,0.0604456,0.0604456,0.0604456,0.0604456,0.0604456,0.0604456,0.0604456,0.0604456,0.0604456,0.0604456,0.0604456
6181181.181,0.0609797,0.0609797,0.0609797,0.0609797,0.0609797,0.0609797,0.0609797,0.0609797,0.0609797,0.0609797,0.0609797
6189089.089,0.0615224,0.0615224,0.0615224,0.0615224,0.0615224,0.0615224,0.0615224,0.0615224,0.0615224,0.0615224,0.0615224
6196996.997,0.0620741,0.0620741,0.0620741,0.0620741,0.0620741,0.0620741,0.0620741,0.0620741,0.0620741,0.0620741,0.0620741
6204904.905,0.0626349,0.0626349,0.0626349,0.0626349,0.0626349,0.0626349,0.0626349,0.0626349,0.0626349,0.0626349,0.0626349
6212812.813,0.063205,0.063205,0.063205,0.063205,0.063205,0.063205,0.063205,0.063205,0.063205,0.063205,0.063205
6220720.721,0.0637848,0.0637848,0.0637848,0.0637848,0.0637848,0.0637848,0.0637848,0.0637848,0.0637848,0.0637848,0.0637848
6228628.629,0.0643744,0.0643744,0.0643744,0.0643744,0.0643744,0.0643744,0.0643744,0.0643744,0.0643744,0.0643744,0.0643744
6236536.537,0.0649741,0.0649741,0.0649741,0.0649741,0.0649741,0.0649741,0.0649741,0.0649741,0.0649741,0.0649741,0.0649741
6244444.444,0.0655841,0.0655841,0.0655841,0.0655841,0.0655841,0.0655841,0.0655841,0.0655841,0.0655841,0.0655841,0.0655841
6252352.352,0.0662048,0.0662048,0.0662048,0.0662048,0.0662048,0.0662048,0.0662048,0.0662048,0.0662048,0.0662048,0.0662048
6260260.26,0.0668364,0.0668364,0.0668364,0.0668364,0.0668364,0.0668364,0.0668364,0.0668364,0.0668364,0.0668364,0.0668364
6268168.168,0.0674792,0.0674792,0.0674792,0.0674792,0.0674792,0.0674792,0.0674792,0.0674792,0.0674792,0.0674792,0.0674792
6276076.076,0.0681335,0.0681335,0.0681335,0.0681335,0.0681335,0.0681335,0.0681335,0.0681335,0.0681335,0.0681335,0.0681335
6283983.984,0.0687996,0.0687996,0.0687996,0.0687996,0.0687996,0.0687996,0.0687996,0.0687996,0.0687996,0.0687996,0.0687996
6291891.892,0.0694778,0.0694778,0.0694778,0.0694778,0.0694778,0.0694778,0.0694778,0.0694778,0.0694778,0.0694778,0.0694778
6299799.8,0.0701686,0.0701686,0.0701686,0.0701686,0.0701686,0.0701686,0.0701686,0.0701686,0.0701686,0.0701686,0.0701686
6307707.708,0.0708721,0.0708721,0.0708721,0.0708721,0.0708721,0.0708721,0.0708721,0.0708721,0.0708721,0.0708721,0.0708721
6315615.616,0.0715888,0.0715888,0.0715888,0.0715888,0.0715888,0.0715888,0.0715888,0.0715888,0.0715888,0.0715888,0.0715888
6323523.524,0.0723191,0.0723191,0.0723191,0.0723191,0.0723191,0.0723191,0.0723191,0.0723191,0.0723191,0.0723191,0.0723191
6331431.431,0.0730633,0.0730633,0.0730633,0.0730633,0.0730633,0.0730633,0.0730633,0.0730633,0.0730633,0.0730633,0.0730633
6339339.339,0.0738219,0.0738219,0.0738219,0.0738219,0.0738219,0.0738219,0.0738219,0.0738219,0.0738219,0.0738219,0.0738219
6347247.247,0.0745953,0.0745953,0.0745953,0.0745953,0.0745953,0.0745953,0.0745953,0.0745953,0.0745953,0.0745953,0.0745953
6355155.155,0.0753838,0.0753838,0.0753838,0.0753838,0.0753838,0.0753838,0.0753838,0.0753838,0.0753838,0.0753838,0.0753838
6363063.063,0.076188,0.076188,0.076188,0.076188,0.076188,0.076188,0.076188,0.076188,0.076188,0.076188,0.076188
6370970.971,0.0770083,0.0770083,0.0770083,0.0770083,0.0770083,0.0770083,0.0770083,0.0770083,0.0770083,0.0770083,0.0770083
6378878.879,0.0778452,0.0778452,0.0778452,0.0778452,0.0778452,0.0778452,0.0778452,0.0778452,0.0778452,0.0778452,0.0778452
6386786.787,0.0786993,0.0786993,0.0786993,0.0786993,0.0786993,0.0786993,0.0786993,0.0786993,0.0786993,0.0786993,0.0786993
6394694.695,0.079571,0.079571,0.079571,0.079571,0.079571,0.079571,0.079571,0.079571,0.079571,0.079571,0.079571
6402602.603,0.0804609,0.0804609,0.0804609,0.0804609,0.0804609,0.0804609,0.0804609,0.0804609,0.0804609,0.0804609,0.0804609
6410510.511,0.0813696,0.0813696,0.0813696,0.0813696,0.0813696,0.0813696,0.0813696,0.0813696,0.0813696,0.0813696,0.0813696
6418418.418,0.0822977,0.0822977,0.0822977,0.0822977,0.0822977,0.0822977,0.0822977,0.0822977,0.0822977,0.0822977,0.0822977
6426326.326,0.0832458,0.0832458,0.0832458,0.0832458,0.0832458,0.0832458,0.0832458,0.0832458,0.0832458,0.0832458,0.0832458
6434234.234,0.0842146,0.0842146,0.0842146,0.0842146,0.0842146,0.0842146,0.0842146,0.0842146,0.0842146,0.0842146,0.0842146
6442142.142,0.0852046,0.0852046,0.0852046,0.0852046,0.0852046,0.0852046,0.0852046,0.0852046,0.0852046,0.0852046,0.0852046
6450050.05,0.0862168,0.0862168,0.0862168,0.0862168,0.0862168,0.0862168,0.0862168,0.0862168,0.0862168,0.0862168,0.0862168
6457957.958,0.0872517,0.0872517,0.0872517,0.0872517,0.0872517,0.0872517,0.0872517,0.0872517,0.0872517,0.0872517,0.0872517
6465865.866,0.0883102,0.0883102,0.0883102,0.0883102,0.0883102,0.0883102,0.0883102,0.0883102,0.0883102,0.0883102,0.0883102
6473773.774,0.0893931,0.0893931,0.0893931,0.0893931,0.0893931,0.0893931,0.0893931,0.0893931,0.0893931,0.0893931,0.0893931
6481681.682,0.0905013,0.0905013,0.0905013,0.0905013,0.0905013,0.0905013,0.0905013,0.0905013,0.0905013,0.0905013,0.0905013
6489589.59,0.0916355,0.0916355,0.0916355,0.0916355,0.0916355,0.0916355,0.0916355,0.0916355,0.0916355,0.0916355,0.0916355
6497497.497,0.0927968,0.0927968,0.0927968,0.0927968,0.0927968,0.0927968,0.0927968,0.0927968,0.0927968,0.0927968,0.0927968
6505405.405,0.0939862,0.0939862,0.0939862,0.0939862,0.0939862,0.0939862,0.0939862,0.0939862,0.0939862,0.0939862,0.0939862
6513313.313,0.0952046,0.0952046,0.0952046,0.0952046,0.0952046,0.0952046,0.0952046,0.0952046,0.0952046,0.0952046,0.0952046
6521221.221,0.0964531,0.0964531,0.0964531,0.0964531,0.0964531,0.0964531,0.0964531,0.0964531,0.0964531,0.0964531,0.0964531
6529129.129,0.0977329,0.0977329,0.0977329,0.0977329,0.0977329,0.0977329,0.0977329,0.0977329,0.0977329,0.0977329,0.0977329
6537037.037,0.0990451,0.0990451,0.0990451,0.0990451,0.0990451,0.0990451,0.0990451,0.0990451,0.0990451,0.0990451,0.0990451
6544944.945,0.100391,0.100391,0.100391,0.100391,0.100391,0.100391,0.100391,0.100391,0.100391,0.100391,0.100391
6552852.853,0.101772,0.101772,0.101772,0.101772,0.101772,0.101772,0.101772,0.101772,0.101772,0.101772,0.101772
6560760.761,0.103189,0.103189,0.103189,0.103189,0.103189,0.103189,0.103189,0.103189,0.103189,0.103189,0.103189
6568668.669,0.104644,0.104644,0.104644,0.104644,0.104644,0.104644,0.104644,0.104644,0.104644,0.104644,0.104644
6576576.577,0.106139,0.106139,0.106139,0.106139,0.106139,0.106139,0.106139,0.106139,0.106139,0.106139,0.106139
6584484.484,0.107674,0.107674,0.107674,0.107674,0.107674,0.107674,0.107674,0.107674,0.107674,0.107674,0.107674
6592392.392,0.109252,0.109252,0.109252,0.109252,0.109252,0.109252,0.109252,0.109252,0.109252,0.109252,0.109252
6600300.3,0.110874,0.110874,0.110874,0.110874,0.110874,0.110874,0.110874,0.110874,0.110874,0.110874,0.110874
6608208.208,0.112543,0.112543,0.112543,0.112543,0.112543,0.112543,0.112543,0.112543,0.112543,0.112543,0.112543
6616116.116,0.11426,0.11426,0.11426,0.11426,0.11426,0.11426,0.11426,0.11426,0.11426,0.11426,0.11426
6624024.024,0.116027,0.116027,0.116027,0.116027,0.116027,0.116027,0.116027,0.116027,0.116027,0.116027,0.116027
6631931.932,0.117847,0.117847,0.117847,0.117847,0.117847,0.117847,0.117847,0.117847,0.117847,0.117847,0.117847
6639839.84,0.119722,0.119722,0.119722,0.119722,0.119722,0.119722,0.119722,0.119722,0.119722,0.119722,0.119722
6647747.748,0.121655,0.121655,0.121655,0.121655,0.121655,0.121655,0.121655,0.121655,0.121655,0.121655,0.121655
6655655.656,0.123647,0.123647,0.123647,0.123647,0.123647,0.123647,0.123647,0.123647,0.123647,0.123647,0.123647
6663563.564,0.125703,0.125703,0.125703,0.125703,0.125703,0.125703,0.125703,0.125703,0.125703,0.125703,0.125703
6671471.471,0.127825,0.127825,0.127825,0.127825,0.127825,0.127825,0.127825,0.127825,0.127825,0.127825,0.127825
6679379.379,0.130016,0.130016,0.130016,0.130016,0.130016,0.130016,0.130016,0.130016,0.130016,0.130016,0.130016
6687287.287,0.132279,0.132279,0.132279,0.132279,0.132279,0.132279,0.132279,0.132279,0.132279,0.132279,0.132279
6695195.195,0.134619,0.134619,0.134619,0.134619,0.134619,0.134619,0.134619,0.134619,0.134619,0.134619,0.134619
6703103.103,0.137039,0.137039,0.137039,0.137039,0.137039,0.137039,0.137039,0.137039,0.137039,0.137039,0.137039
6711011.011,0.139543,0.139543,0.139543,0.139543,0.139543,0.139543,0.139543,0.139543,0.139543,0.139543,0.139543
6718918.919,0.142135,0.142135,0.142135,0.142135,0.142135,0.142135,0.142135,0.142135,0.142135,0.142135,0.142135
6726826.827,0.144821,0.144821,0.144821,0.144821,0.144821,0.144821,0.144821,0.144821,0.144821,0.144821,0.144821
6734734.735,0.147606,0.147606,0.147606,0.147606,0.147606,0.147606,0.147606,0.147606,0.147606,0.147606,0.147606
6742642.643,0.150494,0.150494,0.150494,0.150494,0.150494,0.150494,0.150494,0.150494,0.150494,0.150494,0.150494
6750550.551,0.153492,0.153492,0.153492,0.153492,0.153492,0.153492,0.153492,0.153492,0.153492,0.153492,0.153492
6758458.458,0.156606,0.156606,0.156606,0.156606,0.156606,0.156606,0.156606,0.156606,0.156606,0.156606,0.156606
6766366.366,0.159842,0.159842,0.159842,0.159842,0.159842,0.159842,0.159842,0.159842,0.159842,0.159842,0.159842
6774274.274,0.163209,0.163209,0.163209,0.163209,0.163209,0.163209,0.163209,0.163209,0.163209,0.163209,0.163209
6782182.182,0.166713,0.166713,0.166713,0.166713,0.166713,0.166713,0.166713,0.166713,0.166713,0.166713,0.166713
6790090.09,0.170363,0.170363,0.170363,0.170363,0.170363,0.170363,0.170363,0.170363,0.170363,0.170363,0.170363
6797997.998,0.174168,0.174168,0.174168,0.174168,0.174168,0.174168,0.174168,0.174168,0.174168,0.174168,0.174168
6805905.906,0.178139,0.178139,0.178139,0.178139,0.178139,0.178139,0.178139,0.178139,0.178139,0.178139,0.178139
6813813.814,0.182285,0.182285,0.182285,0.182285,0.182285,0.182285,0.182285,0.182285,0.182285,0.182285,0.182285
6821721.722,0.186619,0.186619,0.186619,0.186619,0.186619,0.186619,0.186619,0.186619,0.186619,0.186619,0.186619
6829629.63,0.191153,0.191153,0.191153,0.191153,0.191153,0.191153,0.191153,0.191153,0.191153,0.191153,0.191153
6837537.538,0.195901,0.195901,0.195901,0.195901,0.195901,0.195901,0.195901,0.195901,0.195901,0.195901,0.195901
6845445.445,0.200878,0.200878,0.200878,0.200878,0.200878,0.200878,0.200878,0.200878,0.200878,0.200878,0.200878
6853353.353,0.206101,0.206101,0.206101,0.206101,0.206101,0.206101,0.206101,0.206101,0.206101,0.206101,0.206101
6861261.261,0.211586,0.211586,0.211586,0.211586,0.211586,0.211586,0.211586,0.211586,0.211586,0.211586,0.211586
6869169.169,0.217355,0.217355,0.217355,0.217355,0.217355,0.217355,0.217355,0.217355,0.217355,0.217355,0.217355
6877077.077,0.223428,0.223428,0.223428,0.223428,0.223428,0.223428,0.223428,0.223428,0.223428,0.223428,0.223428
6884984.985,0.22983,0.22983,0.22983,0.22983,0.22983,0.22983,0.22983,0.22983,0.22983,0.22983,0.22983
6892892.893,0.236586,0.236586,0.236586,0.236586,0.236586,0.236586,0.236586,0.236586,0.236586,0.236586,0.236586
6900800.801,0.243725,0.243725,0.243725,0.243725,0.243725,0.243725,0.243725,0.243725,0.243725,0.243725,0.243725
6908708.709,0.25128,0.25128,0.25128,0.25128,0.25128,0.25128,0.25128,0.25128,0.25128,0.25128,0.25128
6916616.617,0.259284,0.259284,0.259284,0.259284,0.259284,0.259284,0.259284,0.259284,0.259284,0.259284,0.259284
6924524.525,0.267778,0.267778,0.267778,0.267778,0.267778,0.267778,0.267778,0.267778,0.267778,0.267778,0.267778
6932432.432,0.276805,0.276805,0.276805,0.276805,0.276805,0.276805,0.276805,0.276805,0.276805,0.276805,0.276805
6940340.34,0.286411,0.286411,0.286411,0.286411,0.286411,0.286411,0.286411,0.286411,0.286411,0.286411,0.286411
6948248.248,0.296652,0.296652,0.296652,0.296652,0.296652,0.296652,0.296652,0.296652,0.296652,0.296652,0.296652
6956156.156,0.307585,0.307585,0.307585,0.307585,0.307585,0.307585,0.307585,0.307585,0.307585,0.307585,0.307585
6964064.064,0.319277,0.319277,0.319277,0.319277,0.319277,0.319277,0.319277,0.319277,0.319277,0.319277,0.319277
6971971.972,0.331801,0.331801,0.331801,0.331801,0.331801,0.331801,0.331801,0.331801,0.331801,0.331801,0.331801
6979879.88,0.345238,0.345238,0.345238,0.345238,0.345238,0.345238,0.345238,0.345238,0.345238,0.345238,0.345238
6987787.788,0.359679,0.359679,0.359679,0.359679,0.359679,0.359679,0.359679,0.359679,0.359679,0.359679,0.359679
6995695.696,0.375221,0.375221,0.375221,0.375221,0.375221,0.375221,0.375221,0.375221,0.375221,0.375221,0.375221
7003603.604,0.391975,0.391975,0.391975,0.391975,0.391975,0.391975,0.391975,0.391975,0.391975,0.391975,0.391975
7011511.512,0.410058,0.410058,0.410058,0.410058,0.410058,0.410058,0.410058,0.410058,0.410058,0.410058,0.410058
7019419.419,0.429598,0.429598,0.429598,0.429598,0.429598,0.429598,0.429598,0.429598,0.429598,0.429598,0.429598
7027327.327,0.450726,0.450726,0.450726,0.450726,0.450726,0.450726,0.450726,0.450726,0.450726,0.450726,0.450726
7035235.235,0.47358,0.47358,0.47358,0.47358,0.47358,0.47358,0.47358,0.47358,0.47358,0.47358,0.47358
7043143.143,0.498291,0.498291,0.498291,0.498291,0.498291,0.498291,0.498291,0.498291,0.498291,0.498291,0.498291
7051051.051,0.524973,0.524973,0.524973,0.524973,0.524973,0.524973,0.524973,0.524973,0.524973,0.524973,0.524973
7058958.959,0.553711,0.553711,0.553711,0.553711,0.553711,0.553711,0.553711,0.553711,0.553711,0.553711,0.553711
7066866.867,0.584526,0.584526,0.584526,0.584526,0.584526,0.584526,0.584526,0.584526,0.584526,0.584526,0.584526
7074774.775,0.617343,0.617343,0.617343,0.617343,0.617343,0.617343,0.617343,0.617343,0.617343,0.617343,0.617343
7082682.683,0.651938,0.651938,0.651938,0.651938,0.651938,0.651938,0.651938,0.651938,0.651938,0.651938,0.651938
7090590.591,0.687869,0.687869,0.687869,0.687869,0.687869,0.687869,0.687869,0.687869,0.687869,0.687869,0.687869
7098498.498,0.724398,0.724398,0.724398,0.724398,0.724398,0.724398,0.724398,0.724398,0.724398,0.724398,0.724398
7106406.406,0.760421,0.760421,0.760421,0.760421,0.760421,0.760421,0.760421,0.760421,0.760421,0.760421,0.760421
7114314.314,0.794426,0.794426,0.794426,0.794426,0.794426,0.794426,0.794426,0.794426,0.794426,0.794426,0.794426
7122222.222,0.824533,0.824533,0.824533,0.824533,0.824533,0.824533,0.824533,0.824533,0.824533,0.824533,0.824533
7130130.13,0.848651,0.848651,0.848651,0.848651,0.848651,0.848651,0.848651,0.848651,0.848651,0.848651,0.848651
7138038.038,0.86479,0.86479,0.86479,0.86479,0.86479,0.86479,0.86479,0.86479,0.86479,0.86479,0.86479
7145945.946,0.871452,0.871452,0.871452,0.871452,0.871452,0.871452,0.871452,0.871452,0.871452,0.871452,0.871452
7153853.854,0.867996,0.867996,0.867996,0.867996,0.867996,0.867996,0.867996,0.867996,0.867996,0.867996,0.867996
7161761.762,0.854807,0.854807,0.854807,0.854807,0.854807,0.854807,0.854807,0.854807,0.854807,0.854807,0.854807
7169669.67,0.833188,0.833188,0.833188,0.833188,0.833188,0.833188,0.833188,0.833188,0.833188,0.833188,0.833188
7177577.578,0.805037,0.805037,0.805037,0.805037,0.805037,0.805037,0.805037,0.805037,0.805037,0.805037,0.805037
7185485.485,0.772441,0.772441,0.772441,0.772441,0.772441,0.772441,0.772441,0.772441,0.772441,0.772441,0.772441
7193393.393,0.737345,0.737345,0.737345,0.737345,0.737345,0.737345,0.737345,0.737345,0.737345,0.737345,0.737345
7201301.301,0.701357,0.701357,0.701357,0.701357,0.701357,0.701357,0.701357,0.701357,0.701357,0.701357,0.701357
7209209.209,0.665676,0.665676,0.665676,0.665676,0.665676,0.665676,0.665676,0.665676,0.665676,0.665676,0.665676
7217117.117,0.631126,0.631126,0.631126,0.631126,0.631126,0.631126,0.631126,0.631126,0.631126,0.631126,0.631126
7225025.025,0.598217,0.598217,0.598217,0.598217,0.598217,0.598217,0.598217,0.598217,0.598217,0.598217,0.598217
7232932.933,0.567226,0.567226,0.567226,0.567226,0.567226,0.567226,0.567226,0.567226,0.567226,0.567226,0.567226
7240840.841,0.538264,0.538264,0.538264,0.538264,0.538264,0.538264,0.538264,0.538264,0.538264,0.538264,0.538264
7248748.749,0.511333,0.511333,0.511333,0.511333,0.511333,0.511333,0.511333,0.511333,0.511333,0.511333,0.511333
7256656.657,0.486367,0.486367,0.486367,0.486367,0.486367,0.486367,0.486367,0.486367,0.486367,0.486367,0.486367
7264564.565,0.463261,0.463261,0.463261,0.463261,0.463261,0.463261,0.463261,0.463261,0.463261,0.463261,0.463261
7272472.472,0.441889,0.441889,0.441889,0.441889,0.441889,0.441889,0.441889,0.441889,0.441889,0.441889,0.441889
7280380.38,0.42212,0.42212,0.42212,0.42212,0.42212,0.42212,0.42212,0.42212,0.42212,0.42212,0.42212
7288288.288,0.403822,0.403822,0.403822,0.403822,0.403822,0.403822,0.403822,0.403822,0.403822,0.403822,0.403822
7296196.196,0.386868,0.386868,0.386868,0.386868,0.386868,0.386868,0.386868,0.386868,0.386868,0.386868,0.386868
7304104.104,0.371141,0.371141,0.371141,0.371141,0.371141,0.371141,0.371141,0.371141,0.371141,0.371141,0.371141
7312012.012,0.35653,0.35653,0.35653,0.35653,0.35653,0.35653,0.35653,0.35653,0.35653,0.35653,0.35653
7319919.92,0.342937,0.342937,0.342937,0.342937,0.342937,0.342937,0.342937,0.342937,0.342937,0.342937,0.342937
7327827.828,0.330269,0.330269,0.330269,0.330269,0.330269,0.330269,0.330269,0.330269,0.330269,0.330269,0.330269
7335735.736,0.318446,0.318446,0.318446,0.318446,0.318446,0.318446,0.318446,0.318446,0.318446,0.318446,0.318446
7343643.644,0.307391,0.307391,0.307391,0.307391,0.307391,0.307391,0.307391,0.307391,0.307391,0.307391,0.307391
7351551.552,0.29704,0.29704,0.29704,0.29704,0.29704,0.29704,0.29704,0.29704,0.29704,0.29704,0.29704
7359459.459,0.287331,0.287331,0.287331,0.287331,0.287331,0.287331,0.287331,0.287331,0.287331,0.287331,0.287331
7367367.367,0.278211,0.278211,0.278211,0.278211,0.278211,0.278211,0.278211,0.278211,0.278211,0.278211,0.278211
7375275.275,0.26963,0.26963,0.26963,0.26963,0.26963,0.26963,0.26963,0.26963,0.26963,0.26963,0.26963
7383183.183,0.261546,0.261546,0.261546,0.261546,0.261546,0.261546,0.261546,0.261546,0.261546,0.261546,0.261546
7391091.091,0.253918,0.253918,0.253918,0.253918,0.253918,0.253918,0.253918,0.253918,0.253918,0.253918,0.253918
7398998.999,0.24671,0.24671,0.24671,0.24671,0.24671,0.24671,0.24671,0.24671,0.24671,0.24671,0.24671
7406906.907,0.239891,0.239891,0.239891,0.239891,0.239891,0.239891,0.239891,0.239891,0.239891,0.239891,0.239891
7414814.815,0.233431,0.233431,0.233431,0.233431,0.233431,0.233431,0.233431,0.233431,0.233431,0.233431,0.233431
7422722.723,0.227303,0.227303,0.227303,0.227303,0.227303,0.227303,0.227303,0.227303,0.227303,0.227303,0.227303
7430630.631,0.221484,0.221484,0.221484,0.221484,0.221484,0.221484,0.221484,0.221484,0.221484,0.221484,0.221484
7438538.539,0.215951,0.215951,0.215951,0.215951,0.215951,0.215951,0.215951,0.215951,0.215951,0.215951,0.215951
7446446.446,0.210685,0.210685,0.210685,0.210685,0.210685,0.210685,0.210685,0.210685,0.210685,0.210685,0.210685
7454354.354,0.205667,0.205667,0.205667,0.205667,0.205667,0.205667,0.205667,0.205667,0.205667,0.205667,0.205667
7462262.262,0.200881,0.200881,0.200881,0.200881,0.200881,0.200881,0.200881,0.200881,0.200881,0.200881,0.200881
7470170.17,0.196311,0.196311,0.196311,0.196311,0.196311,0.196311,0.196311,0.196311,0.196311,0.196311,0.196311
7478078.078,0.191943,0.191943,0.191943,0.191943,0.191943,0.191943,0.191943,0.191943,0.191943,0.191943,0.191943
7485985.986,0.187766,0.187766,0.187766,0.187766,0.187766,0.187766,0.187766,0.187766,0.187766,0.187766,0.187766
7493893.894,0.183765,0.183765,0.183765,0.183765,0.183765,0.183765,0.183765,0.183765,0.183765,0.183765,0.183765
7501801.802,0.179932,0.179932,0.179932,0.179932,0.179932,0.179932,0.179932,0.179932,0.179932,0.179932,0.179932
7509709.71,0.176256,0.176256,0.176256,0.176256,0.176256,0.176256,0.176256,0.176256,0.176256,0.176256,0.176256
7517617.618,0.172728,0.172728,0.172728,0.172728,0.172728,0.172728,0.172728,0.172728,0.172728,0.172728,0.172728
7525525.526,0.169338,0.169338,0.169338,0.169338,0.169338,0.169338,0.169338,0.169338,0.169338,0.169338,0.169338
7533433.433,0.16608,0.16608,0.16608,0.16608,0.16608,0.16608,0.16608,0.16608,0.16608,0.16608,0.16608
7541341.341,0.162945,0.162945,0.162945,0.162945,0.162945,0.162945,0.162945,0.162945,0.162945,0.162945,0.162945
7549249.249,0.159928,0.159928,0.159928,0.159928,0.159928,0.159928,0.159928,0.159928,0.159928,0.159928,0.159928
7557157.157,0.157021,0.157021,0.157021,0.157021,0.157021,0.157021,0.157021,0.157021,0.157021,0.157021,0.157021
7565065.065,0.154219,0.154219,0.154219,0.154219,0.154219,0.154219,0.154219,0.154219,0.154219,0.154219,0.154219
7572972.973,0.151517,0.151517,0.151517,0.151517,0.151517,0.151517,0.151517,0.151517,0.151517,0.151517,0.151517
7580880.881,0.148909,0.148909,0.148909,0.148909,0.148909,0.148909,0.148909,0.148909,0.148909,0.148909,0.148909
7588788.789,0.14639,0.14639,0.14639,0.14639,0.14639,0.14639,0.14639,0.14639,0.14639,0.14639,0.14639
7596696.697,0.143956,0.143956,0.143956,0.143956,0.143956,0.143956,0.143956,0.143956,0.143956,0.143956,0.143956
7604604.605,0.141603,0.141603,0.141603,0.141603,0.141603,0.141603,0.141603,0.141603,0.141603,0.141603,0.141603
7612512.513,0.139326,0.139326,0.139326,0.139326,0.139326,0.139326,0.139326,0.139326,0.139326,0.139326,0.139326
7620420.42,0.137123,0.137123,0.137123,0.137123,0.137123,0.137123,0.137123,0.137123,0.137123,0.137123,0.137123
7628328.328,0.13499,0.13499,0.13499,0.13499,0.13499,0.13499,0.13499,0.13499,0.13499,0.13499,0.13499
7636236.236,0.132923,0.132923,0.132923,0.132923,0.132923,0.132923,0.132923,0.132923,0.132923,0.132923,0.132923
7644144.144,0.13092,0.13092,0.13092,0.13092,0.13092,0.13092,0.13092,0.13092,0.13092,0.13092,0.13092
7652052.052,0.128978,0.128978,0.128978,0.128978,0.128978,0.128978,0.128978,0.128978,0.128978,0.128978,0.128978
7659959.96,0.127093,0.127093,0.127093,0.127093,0.127093,0.127093,0.127093,0.127093,0.127093,0.127093,0.127093
7667867.868,0.125264,0.125264,0.125264,0.125264,0.125264,0.125264,0.125264,0.125264,0.125264,0.125264,0.125264
7675775.776,0.123488,0.123488,0.123488,0.123488,0.123488,0.123488,0.123488,0.123488,0.123488,0.123488,0.123488
7683683.684,0.121763,0.121763,0.121763,0.121763,0.121763,0.121763,0.121763,0.121763,0.121763,0.121763,0.121763
7691591.592,0.120086,0.120086,0.120086,0.120086,0.120086,0.120086,0.120086,0.120086,0.120086,0.120086,0.120086
7699499.499,0.118456,0.118456,0.118456,0.118456,0.118456,0.118456,0.118456,0.118456,0.118456,0.118456,0.118456
7707407.407,0.116871,0.116871,0.116871,0.116871,0.116871,0.116871,0.116871,0.116871,0.116871,0.116871,0.116871
7715315.315,0.115329,0.115329,0.115329,0.115329,0.115329,0.115329,0.115329,0.115329,0.115329,0.115329,0.115329
7723223.223,0.113828,0.113828,0.113828,0.113828,0.113828,0.113828,0.113828,0.113828,0.113828,0.113828,0.113828
7731131.131,0.112366,0.112366,0.112366,0.112366,0.112366,0.112366,0.112366,0.112366,0.112366,0.112366,0.112366
7739039.039,0.110943,0.110943,0.110943,0.110943,0.110943,0.110943,0.110943,0.110943,0.110943,0.110943,0.110943
7746946.947,0.109556,0.109556,0.109556,0.109556,0.109556,0.109556,0.109556,0.109556,0.109556,0.109556,0.109556
7754854.855,0.108205,0.108205,0.108205,0.108205,0.108205,0.108205,0.108205,0.108205,0.108205,0.108205,0.108205
7762762.763,0.106887,0.106887,0.106887,0.106887,0.106887,0.106887,0.106887,0.106887,0.106887,0.106887,0.106887
7770670.671,0.105602,0.105602,0.105602,0.105602,0.105602,0.105602,0.105602,0.105602,0.105602,0.105602,0.105602
7778578.579,0.104348,0.104348,0.104348,0.104348,0.104348,0.104348,0.104348,0.104348,0.104348,0.104348,0.104348
7786486.486,0.103125,0.103125,0.103125,0.103125,0.103125,0.103125,0.103125,0.103125,0.103125,0.103125,0.103125
7794394.394,0.101931,0.101931,0.101931,0.101931,0.101931,0.101931,0.101931,0.101931,0.101931,0.101931,0.101931
7802302.302,0.100766,0.100766,0.100766,0.100766,0.100766,0.100766,0.100766,0.100766,0.100766,0.100766,0.100766
7810210.21,0.0996271,0.0996271,0.0996271,0.0996271,0.0996271,0.0996271,0.0996271,0.0996271,0.0996271,0.0996271,0.0996271
7818118.118,0.0985149,0.0985149,0.0985149,0.0985149,0.0985149,0.0985149,0.0985149,0.0985149,0.0985149,0.0985149,0.0985149
7826026.026,0.0974281,0.0974281,0.0974281,0.0974281,0.0974281,0.0974281,0.0974281,0.0974281,0.0974281,0.0974281,0.0974281
7833933.934,0.0963659,0.0963659,0.0963659,0.0963659,0.0963659,0.0963659,0.0963659,0.0963659,0.0963659,0.0963659,0.0963659
7841841.842,0.0953273,0.0953273,0.0953273,0.0953273,0.0953273,0.0953273,0.0953273,0.0953273,0.0953273,0.0953273,0.0953273
7849749.75,0.0943117,0.0943117,0.0943117,0.0943117,0.0943117,0.0943117,0.0943117,0.0943117,0.0943117,0.0943117,0.0943117
7857657.658,0.0933183,0.0933183,0.0933183,0.0933183,0.0933183,0.0933183,0.0933183,0.0933183,0.0933183,0.0933183,0.0933183
7865565.566,0.0923463,0.0923463,0.0923463,0.0923463,0.0923463,0.0923463,0.0923463,0.0923463,0.0923463,0.0923463,0.0923463
7873473.473,0.0913951,0.0913951,0.0913951,0.0913951,0.0913951,0.0913951,0.0913951,0.0913951,0.0913951,0.0913951,0.0913951
7881381.381,0.0904641,0.0904641,0.0904641,0.0904641,0.0904641,0.0904641,0.0904641,0.0904641,0.0904641,0.0904641,0.0904641
7889289.289,0.0895525,0.0895525,0.0895525,0.0895525,0.0895525,0.0895525,0.0895525,0.0895525,0.0895525,0.0895525,0.0895525
7897197.197,0.0886599,0.0886599,0.0886599,0.0886599,0.0886599,0.0886599,0.0886599,0.0886599,0.0886599,0.0886599,0.0886599
7905105.105,0.0877855,0.0877855,0.0877855,0.0877855,0.0877855,0.0877855,0.0877855,0.0877855,0.0877855,0.0877855,0.0877855
7913013.013,0.0869289,0.0869289,0.0869289,0.0869289,0.0869289,0.0869289,0.0869289,0.0869289,0.0869289,0.0869289,0.0869289
7920920.921,0.0860895,0.0860895,0.0860895,0.0860895,0.0860895,0.0860895,0.0860895,0.0860895,0.0860895,0.0860895,0.0860895
7928828.829,0.0852669,0.0852669,0.0852669,0.0852669,0.0852669,0.0852669,0.0852669,0.0852669,0.0852669,0.0852669,0.0852669
7936736.737,0.0844604,0.0844604,0.0844604,0.0844604,0.0844604,0.0844604,0.0844604,0.0844604,0.0844604,0.0844604,0.0844604
7944644.645,0.0836697,0.0836697,0.0836697,0.0836697,0.0836697,0.0836697,0.0836697,0.0836697,0.0836697,0.0836697,0.0836697
7952552.553,0.0828943,0.0828943,0.0828943,0.0828943,0.0828943,0.0828943,0.0828943,0.0828943,0.0828943,0.0828943,0.0828943
7960460.46,0.0821337,0.0821337,0.0821337,0.0821337,0.0821337,0.0821337,0.0821337,0.0821337,0.0821337,0.0821337,0.0821337
7968368.368,0.0813875,0.0813875,0.0813875,0.0813875,0.0813875,0.0813875,0.0813875,0.0813875,0.0813875,0.0813875,0.0813875
7976276.276,0.0806554,0.0806554,0.0806554,0.0806554,0.0806554,0.0806554,0.0806554,0.0806554,0.0806554,0.0806554,0.0806554
7984184.184,0.0799369,0.0799369,0.0799369,0.0799369,0.0799369,0.0799369,0.0799369,0.0799369,0.0799369,0.0799369,0.0799369
7992092.092,0.0792316,0.0792316,0.0792316,0.0792316,0.0792316,0.0792316,0.0792316,0.0792316,0.0792316,0.0792316,0.0792316
8000000,0.0785393,0.0785393,0.0785393,0.0785393,0.0785393,0.0785393,0.0785393,0.0785393,0.0785393,0.0785393,0.0785393
