"FREQ","C1(2)[X=0.00]","C1(2)[X=100m]","C1(2)[X=200m]","C1(2)[X=300m]","C1(2)[X=400m]","C1(2)[X=500m]","C1(2)[X=600m]","C1(2)[X=700m]","C1(2)[X=800m]","C1(2)[X=900m]","C1(2)[X=1.00]"
100000,0.000554177,0.000554177,0.000554177,0.000554177,0.000554177,0.000554177,0.000554177,0.000554177,0.000554177,0.000554177,0.000554177
107907.9079,0.000598043,0.000598043,0.000598043,0.000598043,0.000598043,0.000598043,0.000598043,0.000598043,0.000598043,0.000598043,0.000598043
115815.8158,0.00064192,0.00064192,0.00064192,0.00064192,0.00064192,0.00064192,0.00064192,0.00064192,0.00064192,0.00064192,0.00064192
123723.7237,0.000685807,0.000685807,0.000685807,0.000685807,0.000685807,0.000685807,0.000685807,0.000685807,0.000685807,0.000685807,0.000685807
131631.6316,0.000729705,0.000729705,0.000729705,0.000729705,0.000729705,0.000729705,0.000729705,0.000729705,0.000729705,0.000729705,0.000729705
139539.5395,0.000773615,0.000773615,0.000773615,0.000773615,0.000773615,0.000773615,0.000773615,0.000773615,0.000773615,0.000773615,0.000773615
147447.4474,0.000817537,0.000817537,0.000817537,0.000817537,0.000817537,0.000817537,0.000817537,0.000817537,0.000817537,0.000817537,0.000817537
155355.3554,0.000861473,0.000861473,0.000861473,0.000861473,0.000861473,0.000861473,0.000861473,0.000861473,0.000861473,0.000861473,0.000861473
163263.2633,0.000905423,0.000905423,0.000905423,0.000905423,0.000905423,0.000905423,0.000905423,0.000905423,0.000905423,0.000905423,0.000905423
171171.1712,0.000949388,0.000949388,0.000949388,0.000949388,0.000949388,0.000949388,0.000949388,0.000949388,0.000949388,0.000949388,0.000949388
179079.0791,0.000993369,0.000993369,0.000993369,0.000993369,0.000993369,0.000993369,0.000993369,0.000993369,0.000993369,0.000993369,0.000993369
186986.987,0.00103737,0.00103737,0.00103737,0.00103737,0.00103737,0.00103737,0.00103737,0.00103737,0.00103737,0.00103737,0.00103737
194894.8949,0.00108138,0.00108138,0.00108138,0.00108138,0.00108138,0.00108138,0.00108138,0.00108138,0.00108138,0.00108138,0.00108138
202802.8028,0.00112541,0.00112541,0.00112541,0.00112541,0.00112541,0.00112541,0.00112541,0.00112541,0.00112541,0.00112541,0.00112541
210710.7107,0.00116946,0.00116946,0.00116946,0.00116946,0.00116946,0.00116946,0.00116946,0.00116946,0.00116946,0.00116946,0.00116946
218618.6186,0.00121353,0.00121353,0.00121353,0.00121353,0.00121353,0.00121353,0.00121353,0.00121353,0.00121353,0.00121353,0.00121353
226526.5265,0.00125762,0.00125762,0.00125762,0.00125762,0.00125762,0.00125762,0.00125762,0.00125762,0.00125762,0.00125762,0.00125762
234434.4344,0.00130173,0.00130173,0.00130173,0.00130173,0.00130173,0.00130173,0.00130173,0.00130173,0.00130173,0.00130173,0.00130173
242342.3423,0.00134586,0.00134586,0.00134586,0.00134586,0.00134586,0.00134586,0.00134586,0.00134586,0.00134586,0.00134586,0.00134586
250250.2503,0.00139001,0.00139001,0.00139001,0.00139001,0.00139001,0.00139001,0.00139001,0.00139001,0.00139001,0.00139001,0.00139001
258158.1582,0.00143419,0.00143419,0.00143419,0.00143419,0.00143419,0.00143419,0.00143419,0.00143419,0.00143419,0.00143419,0.00143419
266066.0661,0.00147839,0.00147839,0.00147839,0.00147839,0.00147839,0.00147839,0.00147839,0.00147839,0.00147839,0.00147839,0.00147839
273973.974,0.00152261,0.00152261,0.00152261,0.00152261,0.00152261,0.00152261,0.00152261,0.00152261,0.00152261,0.00152261,0.00152261
281881.8819,0.00156686,0.00156686,0.00156686,0.00156686,0.00156686,0.00156686,0.00156686,0.00156686,0.00156686,0.00156686,0.00156686
289789.7898,0.00161113,0.00161113,0.00161113,0.00161113,0.00161113,0.00161113,0.00161113,0.00161113,0.00161113,0.00161113,0.00161113
297697.6977,0.00165543,0.00165543,0.00165543,0.00165543,0.00165543,0.00165543,0.00165543,0.00165543,0.00165543,0.00165543,0.00165543
305605.6056,0.00169976,0.00169976,0.00169976,0.00169976,0.00169976,0.00169976,0.00169976,0.00169976,0.00169976,0.00169976,0.00169976
313513.5135,0.00174412,0.00174412,0.00174412,0.00174412,0.00174412,0.00174412,0.00174412,0.00174412,0.00174412,0.00174412,0.00174412
321421.4214,0.0017885,0.0017885,0.0017885,0.0017885,0.0017885,0.0017885,0.0017885,0.0017885,0.0017885,0.0017885,0.0017885
329329.3293,0.00183292,0.00183292,0.00183292,0.00183292,0.00183292,0.00183292,0.00183292,0.00183292,0.00183292,0.00183292,0.00183292
337237.2372,0.00187736,0.00187736,0.00187736,0.00187736,0.00187736,0.00187736,0.00187736,0.00187736,0.00187736,0.00187736,0.00187736
345145.1451,0.00192184,0.00192184,0.00192184,0.00192184,0.00192184,0.00192184,0.00192184,0.00192184,0.00192184,0.00192184,0.00192184
353053.0531,0.00196635,0.00196635,0.00196635,0.00196635,0.00196635,0.00196635,0.00196635,0.00196635,0.00196635,0.00196635,0.00196635
360960.961,0.00201088,0.00201088,0.00201088,0.00201088,0.00201088,0.00201088,0.00201088,0.00201088,0.00201088,0.00201088,0.00201088
368868.8689,0.00205546,0.00205546,0.00205546,0.00205546,0.00205546,0.00205546,0.00205546,0.00205546,0.00205546,0.00205546,0.00205546
376776.7768,0.00210007,0.00210007,0.00210007,0.00210007,0.00210007,0.00210007,0.00210007,0.00210007,0.00210007,0.00210007,0.00210007
384684.6847,0.00214471,0.00214471,0.00214471,0.00214471,0.00214471,0.00214471,0.00214471,0.00214471,0.00214471,0.00214471,0.00214471
392592.5926,0.00218938,0.00218938,0.00218938,0.00218938,0.00218938,0.00218938,0.00218938,0.00218938,0.00218938,0.00218938,0.00218938
400500.5005,0.0022341,0.0022341,0.0022341,0.0022341,0.0022341,0.0022341,0.0022341,0.0022341,0.0022341,0.0022341,0.0022341
408408.4084,0.00227885,0.00227885,0.00227885,0.00227885,0.00227885,0.00227885,0.00227885,0.00227885,0.00227885,0.00227885,0.00227885
416316.3163,0.00232364,0.00232364,0.00232364,0.00232364,0.00232364,0.00232364,0.00232364,0.00232364,0.00232364,0.00232364,0.00232364
424224.2242,0.00236846,0.00236846,0.00236846,0.00236846,0.00236846,0.00236846,0.00236846,0.00236846,0.00236846,0.00236846,0.00236846
432132.1321,0.00241333,0.00241333,0.00241333,0.00241333,0.00241333,0.00241333,0.00241333,0.00241333,0.00241333,0.00241333,0.00241333
440040.04,0.00245824,0.00245824,0.00245824,0.00245824,0.00245824,0.00245824,0.00245824,0.00245824,0.00245824,0.00245824,0.00245824
447947.9479,0.00250318,0.00250318,0.00250318,0.00250318,0.00250318,0.00250318,0.00250318,0.00250318,0.00250318,0.00250318,0.00250318
455855.8559,0.00254817,0.00254817,0.00254817,0.00254817,0.00254817,0.00254817,0.00254817,0.00254817,0.00254817,0.00254817,0.00254817
463763.7638,0.00259321,0.00259321,0.00259321,0.00259321,0.00259321,0.00259321,0.00259321,0.00259321,0.00259321,0.00259321,0.00259321
471671.6717,0.00263828,0.00263828,0.00263828,0.00263828,0.00263828,0.00263828,0.00263828,0.00263828,0.00263828,0.00263828,0.00263828
479579.5796,0.0026834,0.0026834,0.0026834,0.0026834,0.0026834,0.0026834,0.0026834,0.0026834,0.0026834,0.0026834,0.0026834
487487.4875,0.00272856,0.00272856,0.00272856,0.00272856,0.00272856,0.00272856,0.00272856,0.00272856,0.00272856,0.00272856,0.00272856
495395.3954,0.00277377,0.00277377,0.00277377,0.00277377,0.00277377,0.00277377,0.00277377,0.00277377,0.00277377,0.00277377,0.00277377
503303.3033,0.00281903,0.00281903,0.00281903,0.00281903,0.00281903,0.00281903,0.00281903,0.00281903,0.00281903,0.00281903,0.00281903
511211.2112,0.00286433,0.00286433,0.00286433,0.00286433,0.00286433,0.00286433,0.00286433,0.00286433,0.00286433,0.00286433,0.00286433
519119.1191,0.00290968,0.00290968,0.00290968,0.00290968,0.00290968,0.00290968,0.00290968,0.00290968,0.00290968,0.00290968,0.00290968
527027.027,0.00295508,0.00295508,0.00295508,0.00295508,0.00295508,0.00295508,0.00295508,0.00295508,0.00295508,0.00295508,0.00295508
534934.9349,0.00300053,0.00300053,0.00300053,0.00300053,0.00300053,0.00300053,0.00300053,0.00300053,0.00300053,0.00300053,0.00300053
542842.8428,0.00304603,0.00304603,0.00304603,0.00304603,0.00304603,0.00304603,0.00304603,0.00304603,0.00304603,0.00304603,0.00304603
550750.7508,0.00309158,0.00309158,0.00309158,0.00309158,0.00309158,0.00309158,0.00309158,0.00309158,0.00309158,0.00309158,0.00309158
558658.6587,0.00313718,0.00313718,0.00313718,0.00313718,0.00313718,0.00313718,0.00313718,0.00313718,0.00313718,0.00313718,0.00313718
566566.5666,0.00318284,0.00318284,0.00318284,0.00318284,0.00318284,0.00318284,0.00318284,0.00318284,0.00318284,0.00318284,0.00318284
574474.4745,0.00322855,0.00322855,0.00322855,0.00322855,0.00322855,0.00322855,0.00322855,0.00322855,0.00322855,0.00322855,0.00322855
582382.3824,0.00327431,0.00327431,0.00327431,0.00327431,0.00327431,0.00327431,0.00327431,0.00327431,0.00327431,0.00327431,0.00327431
590290.2903,0.00332013,0.00332013,0.00332013,0.00332013,0.00332013,0.00332013,0.00332013,0.00332013,0.00332013,0.00332013,0.00332013
598198.1982,0.00336601,0.00336601,0.00336601,0.00336601,0.00336601,0.00336601,0.00336601,0.00336601,0.00336601,0.00336601,0.00336601
606106.1061,0.00341194,0.00341194,0.00341194,0.00341194,0.00341194,0.00341194,0.00341194,0.00341194,0.00341194,0.00341194,0.00341194
614014.014,0.00345793,0.00345793,0.00345793,0.00345793,0.00345793,0.00345793,0.00345793,0.00345793,0.00345793,0.00345793,0.00345793
621921.9219,0.00350398,0.00350398,0.00350398,0.00350398,0.00350398,0.00350398,0.00350398,0.00350398,0.00350398,0.00350398,0.00350398
629829.8298,0.00355009,0.00355009,0.00355009,0.00355009,0.00355009,0.00355009,0.00355009,0.00355009,0.00355009,0.00355009,0.00355009
637737.7377,0.00359626,0.00359626,0.00359626,0.00359626,0.00359626,0.00359626,0.00359626,0.00359626,0.00359626,0.00359626,0.00359626
645645.6456,0.00364249,0.00364249,0.00364249,0.00364249,0.00364249,0.00364249,0.00364249,0.00364249,0.00364249,0.00364249,0.00364249
653553.5536,0.00368878,0.00368878,0.00368878,0.00368878,0.00368878,0.00368878,0.00368878,0.00368878,0.00368878,0.00368878,0.00368878
661461.4615,0.00373513,0.00373513,0.00373513,0.00373513,0.00373513,0.00373513,0.00373513,0.00373513,0.00373513,0.00373513,0.00373513
669369.3694,0.00378155,0.00378155,0.00378155,0.00378155,0.00378155,0.00378155,0.00378155,0.00378155,0.00378155,0.00378155,0.00378155
677277.2773,0.00382803,0.00382803,0.00382803,0.00382803,0.00382803,0.00382803,0.00382803,0.00382803,0.00382803,0.00382803,0.00382803
685185.1852,0.00387458,0.00387458,0.00387458,0.00387458,0.00387458,0.00387458,0.00387458,0.00387458,0.00387458,0.00387458,0.00387458
693093.0931,0.0039212,0.0039212,0.0039212,0.0039212,0.0039212,0.0039212,0.0039212,0.0039212,0.0039212,0.0039212,0.0039212
701001.001,0.00396788,0.00396788,0.00396788,0.00396788,0.00396788,0.00396788,0.00396788,0.00396788,0.00396788,0.00396788,0.00396788
708908.9089,0.00401463,0.00401463,0.00401463,0.00401463,0.00401463,0.00401463,0.00401463,0.00401463,0.00401463,0.00401463,0.00401463
716816.8168,0.00406145,0.00406145,0.00406145,0.00406145,0.00406145,0.00406145,0.00406145,0.00406145,0.00406145,0.00406145,0.00406145
724724.7247,0.00410834,0.00410834,0.00410834,0.00410834,0.00410834,0.00410834,0.00410834,0.00410834,0.00410834,0.00410834,0.00410834
732632.6326,0.0041553,0.0041553,0.0041553,0.0041553,0.0041553,0.0041553,0.0041553,0.0041553,0.0041553,0.0041553,0.0041553
740540.5405,0.00420233,0.00420233,0.00420233,0.00420233,0.00420233,0.00420233,0.00420233,0.00420233,0.00420233,0.00420233,0.00420233
748448.4484,0.00424943,0.00424943,0.00424943,0.00424943,0.00424943,0.00424943,0.00424943,0.00424943,0.00424943,0.00424943,0.00424943
756356.3564,0.00429661,0.00429661,0.00429661,0.00429661,0.00429661,0.00429661,0.00429661,0.00429661,0.00429661,0.00429661,0.00429661
764264.2643,0.00434386,0.00434386,0.00434386,0.00434386,0.00434386,0.00434386,0.00434386,0.00434386,0.00434386,0.00434386,0.00434386
772172.1722,0.00439119,0.00439119,0.00439119,0.00439119,0.00439119,0.00439119,0.00439119,0.00439119,0.00439119,0.00439119,0.00439119
780080.0801,0.00443859,0.00443859,0.00443859,0.00443859,0.00443859,0.00443859,0.00443859,0.00443859,0.00443859,0.00443859,0.00443859
787987.988,0.00448607,0.00448607,0.00448607,0.00448607,0.00448607,0.00448607,0.00448607,0.00448607,0.00448607,0.00448607,0.00448607
795895.8959,0.00453363,0.00453363,0.00453363,0.00453363,0.00453363,0.00453363,0.00453363,0.00453363,0.00453363,0.00453363,0.00453363
803803.8038,0.00458126,0.00458126,0.00458126,0.00458126,0.00458126,0.00458126,0.00458126,0.00458126,0.00458126,0.00458126,0.00458126
811711.7117,0.00462898,0.00462898,0.00462898,0.00462898,0.00462898,0.00462898,0.00462898,0.00462898,0.00462898,0.00462898,0.00462898
819619.6196,0.00467678,0.00467678,0.00467678,0.00467678,0.00467678,0.00467678,0.00467678,0.00467678,0.00467678,0.00467678,0.00467678
827527.5275,0.00472466,0.00472466,0.00472466,0.00472466,0.00472466,0.00472466,0.00472466,0.00472466,0.00472466,0.00472466,0.00472466
835435.4354,0.00477262,0.00477262,0.00477262,0.00477262,0.00477262,0.00477262,0.00477262,0.00477262,0.00477262,0.00477262,0.00477262
843343.3433,0.00482066,0.00482066,0.00482066,0.00482066,0.00482066,0.00482066,0.00482066,0.00482066,0.00482066,0.00482066,0.00482066
851251.2513,0.00486879,0.00486879,0.00486879,0.00486879,0.00486879,0.00486879,0.00486879,0.00486879,0.00486879,0.00486879,0.00486879
859159.1592,0.00491701,0.00491701,0.00491701,0.00491701,0.00491701,0.00491701,0.00491701,0.00491701,0.00491701,0.00491701,0.00491701
867067.0671,0.00496531,0.00496531,0.00496531,0.00496531,0.00496531,0.00496531,0.00496531,0.00496531,0.00496531,0.00496531,0.00496531
874974.975,0.0050137,0.0050137,0.0050137,0.0050137,0.0050137,0.0050137,0.0050137,0.0050137,0.0050137,0.0050137,0.0050137
882882.8829,0.00506218,0.00506218,0.00506218,0.00506218,0.00506218,0.00506218,0.00506218,0.00506218,0.00506218,0.00506218,0.00506218
890790.7908,0.00511075,0.00511075,0.00511075,0.00511075,0.00511075,0.00511075,0.00511075,0.00511075,0.00511075,0.00511075,0.00511075
898698.6987,0.0051594,0.0051594,0.0051594,0.0051594,0.0051594,0.0051594,0.0051594,0.0051594,0.0051594,0.0051594,0.0051594
906606.6066,0.00520815,0.00520815,0.00520815,0.00520815,0.00520815,0.00520815,0.00520815,0.00520815,0.00520815,0.00520815,0.00520815
914514.5145,0.005257,0.005257,0.005257,0.005257,0.005257,0.005257,0.005257,0.005257,0.005257,0.005257,0.005257
922422.4224,0.00530593,0.00530593,0.00530593,0.00530593,0.00530593,0.00530593,0.00530593,0.00530593,0.00530593,0.00530593,0.00530593
930330.3303,0.00535496,0.00535496,0.00535496,0.00535496,0.00535496,0.00535496,0.00535496,0.00535496,0.00535496,0.00535496,0.00535496
938238.2382,0.00540409,0.00540409,0.00540409,0.00540409,0.00540409,0.00540409,0.00540409,0.00540409,0.00540409,0.00540409,0.00540409
946146.1461,0.00545331,0.00545331,0.00545331,0.00545331,0.00545331,0.00545331,0.00545331,0.00545331,0.00545331,0.00545331,0.00545331
954054.0541,0.00550263,0.00550263,0.00550263,0.00550263,0.00550263,0.00550263,0.00550263,0.00550263,0.00550263,0.00550263,0.00550263
961961.962,0.00555205,0.00555205,0.00555205,0.00555205,0.00555205,0.00555205,0.00555205,0.00555205,0.00555205,0.00555205,0.00555205
969869.8699,0.00560157,0.00560157,0.00560157,0.00560157,0.00560157,0.00560157,0.00560157,0.00560157,0.00560157,0.00560157,0.00560157
977777.7778,0.00565118,0.00565118,0.00565118,0.00565118,0.00565118,0.00565118,0.00565118,0.00565118,0.00565118,0.00565118,0.00565118
985685.6857,0.00570091,0.00570091,0.00570091,0.00570091,0.00570091,0.00570091,0.00570091,0.00570091,0.00570091,0.00570091,0.00570091
993593.5936,0.00575073,0.00575073,0.00575073,0.00575073,0.00575073,0.00575073,0.00575073,0.00575073,0.00575073,0.00575073,0.00575073
1001501.502,0.00580066,0.00580066,0.00580066,0.00580066,0.00580066,0.00580066,0.00580066,0.00580066,0.00580066,0.00580066,0.00580066
1009409.409,0.00585069,0.00585069,0.00585069,0.00585069,0.00585069,0.00585069,0.00585069,0.00585069,0.00585069,0.00585069,0.00585069
1017317.317,0.00590083,0.00590083,0.00590083,0.00590083,0.00590083,0.00590083,0.00590083,0.00590083,0.00590083,0.00590083,0.00590083
1025225.225,0.00595107,0.00595107,0.00595107,0.00595107,0.00595107,0.00595107,0.00595107,0.00595107,0.00595107,0.00595107,0.00595107
1033133.133,0.00600142,0.00600142,0.00600142,0.00600142,0.00600142,0.00600142,0.00600142,0.00600142,0.00600142,0.00600142,0.00600142
1041041.041,0.00605189,0.00605189,0.00605189,0.00605189,0.00605189,0.00605189,0.00605189,0.00605189,0.00605189,0.00605189,0.00605189
1048948.949,0.00610246,0.00610246,0.00610246,0.00610246,0.00610246,0.00610246,0.00610246,0.00610246,0.00610246,0.00610246,0.00610246
1056856.857,0.00615315,0.00615315,0.00615315,0.00615315,0.00615315,0.00615315,0.00615315,0.00615315,0.00615315,0.00615315,0.00615315
1064764.765,0.00620394,0.00620394,0.00620394,0.00620394,0.00620394,0.00620394,0.00620394,0.00620394,0.00620394,0.00620394,0.00620394
1072672.673,0.00625485,0.00625485,0.00625485,0.00625485,0.00625485,0.00625485,0.00625485,0.00625485,0.00625485,0.00625485,0.00625485
1080580.581,0.00630588,0.00630588,0.00630588,0.00630588,0.00630588,0.00630588,0.00630588,0.00630588,0.00630588,0.00630588,0.00630588
1088488.488,0.00635702,0.00635702,0.00635702,0.00635702,0.00635702,0.00635702,0.00635702,0.00635702,0.00635702,0.00635702,0.00635702
1096396.396,0.00640828,0.00640828,0.00640828,0.00640828,0.00640828,0.00640828,0.00640828,0.00640828,0.00640828,0.00640828,0.00640828
1104304.304,0.00645966,0.00645966,0.00645966,0.00645966,0.00645966,0.00645966,0.00645966,0.00645966,0.00645966,0.00645966,0.00645966
1112212.212,0.00651116,0.00651116,0.00651116,0.00651116,0.00651116,0.00651116,0.00651116,0.00651116,0.00651116,0.00651116,0.00651116
1120120.12,0.00656278,0.00656278,0.00656278,0.00656278,0.00656278,0.00656278,0.00656278,0.00656278,0.00656278,0.00656278,0.00656278
1128028.028,0.00661452,0.00661452,0.00661452,0.00661452,0.00661452,0.00661452,0.00661452,0.00661452,0.00661452,0.00661452,0.00661452
1135935.936,0.00666638,0.00666638,0.00666638,0.00666638,0.00666638,0.00666638,0.00666638,0.00666638,0.00666638,0.00666638,0.00666638
1143843.844,0.00671837,0.00671837,0.00671837,0.00671837,0.00671837,0.00671837,0.00671837,0.00671837,0.00671837,0.00671837,0.00671837
1151751.752,0.00677048,0.00677048,0.00677048,0.00677048,0.00677048,0.00677048,0.00677048,0.00677048,0.00677048,0.00677048,0.00677048
1159659.66,0.00682272,0.00682272,0.00682272,0.00682272,0.00682272,0.00682272,0.00682272,0.00682272,0.00682272,0.00682272,0.00682272
1167567.568,0.00687509,0.00687509,0.00687509,0.00687509,0.00687509,0.00687509,0.00687509,0.00687509,0.00687509,0.00687509,0.00687509
1175475.475,0.00692759,0.00692759,0.00692759,0.00692759,0.00692759,0.00692759,0.00692759,0.00692759,0.00692759,0.00692759,0.00692759
1183383.383,0.00698022,0.00698022,0.00698022,0.00698022,0.00698022,0.00698022,0.00698022,0.00698022,0.00698022,0.00698022,0.00698022
1191291.291,0.00703298,0.00703298,0.00703298,0.00703298,0.00703298,0.00703298,0.00703298,0.00703298,0.00703298,0.00703298,0.00703298
1199199.199,0.00708587,0.00708587,0.00708587,0.00708587,0.00708587,0.00708587,0.00708587,0.00708587,0.00708587,0.00708587,0.00708587
1207107.107,0.0071389,0.0071389,0.0071389,0.0071389,0.0071389,0.0071389,0.0071389,0.0071389,0.0071389,0.0071389,0.0071389
1215015.015,0.00719206,0.00719206,0.00719206,0.00719206,0.00719206,0.00719206,0.00719206,0.00719206,0.00719206,0.00719206,0.00719206
1222922.923,0.00724536,0.00724536,0.00724536,0.00724536,0.00724536,0.00724536,0.00724536,0.00724536,0.00724536,0.00724536,0.00724536
1230830.831,0.00729879,0.00729879,0.00729879,0.00729879,0.00729879,0.00729879,0.00729879,0.00729879,0.00729879,0.00729879,0.00729879
1238738.739,0.00735237,0.00735237,0.00735237,0.00735237,0.00735237,0.00735237,0.00735237,0.00735237,0.00735237,0.00735237,0.00735237
1246646.647,0.00740609,0.00740609,0.00740609,0.00740609,0.00740609,0.00740609,0.00740609,0.00740609,0.00740609,0.00740609,0.00740609
1254554.555,0.00745995,0.00745995,0.00745995,0.00745995,0.00745995,0.00745995,0.00745995,0.00745995,0.00745995,0.00745995,0.00745995
1262462.462,0.00751395,0.00751395,0.00751395,0.00751395,0.00751395,0.00751395,0.00751395,0.00751395,0.00751395,0.00751395,0.00751395
1270370.37,0.0075681,0.0075681,0.0075681,0.0075681,0.0075681,0.0075681,0.0075681,0.0075681,0.0075681,0.0075681,0.0075681
1278278.278,0.00762239,0.00762239,0.00762239,0.00762239,0.00762239,0.00762239,0.00762239,0.00762239,0.00762239,0.00762239,0.00762239
1286186.186,0.00767684,0.00767684,0.00767684,0.00767684,0.00767684,0.00767684,0.00767684,0.00767684,0.00767684,0.00767684,0.00767684
1294094.094,0.00773143,0.00773143,0.00773143,0.00773143,0.00773143,0.00773143,0.00773143,0.00773143,0.00773143,0.00773143,0.00773143
1302002.002,0.00778617,0.00778617,0.00778617,0.00778617,0.00778617,0.00778617,0.00778617,0.00778617,0.00778617,0.00778617,0.00778617
1309909.91,0.00784106,0.00784106,0.00784106,0.00784106,0.00784106,0.00784106,0.00784106,0.00784106,0.00784106,0.00784106,0.00784106
1317817.818,0.00789611,0.00789611,0.00789611,0.00789611,0.00789611,0.00789611,0.00789611,0.00789611,0.00789611,0.00789611,0.00789611
1325725.726,0.00795131,0.00795131,0.00795131,0.00795131,0.00795131,0.00795131,0.00795131,0.00795131,0.00795131,0.00795131,0.00795131
1333633.634,0.00800666,0.00800666,0.00800666,0.00800666,0.00800666,0.00800666,0.00800666,0.00800666,0.00800666,0.00800666,0.00800666
1341541.542,0.00806218,0.00806218,0.00806218,0.00806218,0.00806218,0.00806218,0.00806218,0.00806218,0.00806218,0.00806218,0.00806218
1349449.449,0.00811785,0.00811785,0.00811785,0.00811785,0.00811785,0.00811785,0.00811785,0.00811785,0.00811785,0.00811785,0.00811785
1357357.357,0.00817368,0.00817368,0.00817368,0.00817368,0.00817368,0.00817368,0.00817368,0.00817368,0.00817368,0.00817368,0.00817368
1365265.265,0.00822967,0.00822967,0.00822967,0.00822967,0.00822967,0.00822967,0.00822967,0.00822967,0.00822967,0.00822967,0.00822967
1373173.173,0.00828583,0.00828583,0.00828583,0.00828583,0.00828583,0.00828583,0.00828583,0.00828583,0.00828583,0.00828583,0.00828583
1381081.081,0.00834215,0.00834215,0.00834215,0.00834215,0.00834215,0.00834215,0.00834215,0.00834215,0.00834215,0.00834215,0.00834215
1388988.989,0.00839864,0.00839864,0.00839864,0.00839864,0.00839864,0.00839864,0.00839864,0.00839864,0.00839864,0.00839864,0.00839864
1396896.897,0.0084553,0.0084553,0.0084553,0.0084553,0.0084553,0.0084553,0.0084553,0.0084553,0.0084553,0.0084553,0.0084553
1404804.805,0.00851212,0.00851212,0.00851212,0.00851212,0.00851212,0.00851212,0.00851212,0.00851212,0.00851212,0.00851212,0.00851212
1412712.713,0.00856912,0.00856912,0.00856912,0.00856912,0.00856912,0.00856912,0.00856912,0.00856912,0.00856912,0.00856912,0.00856912
1420620.621,0.00862629,0.00862629,0.00862629,0.00862629,0.00862629,0.00862629,0.00862629,0.00862629,0.00862629,0.00862629,0.00862629
1428528.529,0.00868363,0.00868363,0.00868363,0.00868363,0.00868363,0.00868363,0.00868363,0.00868363,0.00868363,0.00868363,0.00868363
1436436.436,0.00874115,0.00874115,0.00874115,0.00874115,0.00874115,0.00874115,0.00874115,0.00874115,0.00874115,0.00874115,0.00874115
1444344.344,0.00879885,0.00879885,0.00879885,0.00879885,0.00879885,0.00879885,0.00879885,0.00879885,0.00879885,0.00879885,0.00879885
1452252.252,0.00885672,0.00885672,0.00885672,0.00885672,0.00885672,0.00885672,0.00885672,0.00885672,0.00885672,0.00885672,0.00885672
1460160.16,0.00891478,0.00891478,0.00891478,0.00891478,0.00891478,0.00891478,0.00891478,0.00891478,0.00891478,0.00891478,0.00891478
1468068.068,0.00897302,0.00897302,0.00897302,0.00897302,0.00897302,0.00897302,0.00897302,0.00897302,0.00897302,0.00897302,0.00897302
1475975.976,0.00903144,0.00903144,0.00903144,0.00903144,0.00903144,0.00903144,0.00903144,0.00903144,0.00903144,0.00903144,0.00903144
1483883.884,0.00909004,0.00909004,0.00909004,0.00909004,0.00909004,0.00909004,0.00909004,0.00909004,0.00909004,0.00909004,0.00909004
1491791.792,0.00914884,0.00914884,0.00914884,0.00914884,0.00914884,0.00914884,0.00914884,0.00914884,0.00914884,0.00914884,0.00914884
1499699.7,0.00920782,0.00920782,0.00920782,0.00920782,0.00920782,0.00920782,0.00920782,0.00920782,0.00920782,0.00920782,0.00920782
1507607.608,0.00926699,0.00926699,0.00926699,0.00926699,0.00926699,0.00926699,0.00926699,0.00926699,0.00926699,0.00926699,0.00926699
1515515.516,0.00932636,0.00932636,0.00932636,0.00932636,0.00932636,0.00932636,0.00932636,0.00932636,0.00932636,0.00932636,0.00932636
1523423.423,0.00938592,0.00938592,0.00938592,0.00938592,0.00938592,0.00938592,0.00938592,0.00938592,0.00938592,0.00938592,0.00938592
1531331.331,0.00944567,0.00944567,0.00944567,0.00944567,0.00944567,0.00944567,0.00944567,0.00944567,0.00944567,0.00944567,0.00944567
1539239.239,0.00950563,0.00950563,0.00950563,0.00950563,0.00950563,0.00950563,0.00950563,0.00950563,0.00950563,0.00950563,0.00950563
1547147.147,0.00956578,0.00956578,0.00956578,0.00956578,0.00956578,0.00956578,0.00956578,0.00956578,0.00956578,0.00956578,0.00956578
1555055.055,0.00962613,0.00962613,0.00962613,0.00962613,0.00962613,0.00962613,0.00962613,0.00962613,0.00962613,0.00962613,0.00962613
1562962.963,0.00968669,0.00968669,0.00968669,0.00968669,0.00968669,0.00968669,0.00968669,0.00968669,0.00968669,0.00968669,0.00968669
1570870.871,0.00974745,0.00974745,0.00974745,0.00974745,0.00974745,0.00974745,0.00974745,0.00974745,0.00974745,0.00974745,0.00974745
1578778.779,0.00980842,0.00980842,0.00980842,0.00980842,0.00980842,0.00980842,0.00980842,0.00980842,0.00980842,0.00980842,0.00980842
1586686.687,0.00986959,0.00986959,0.00986959,0.00986959,0.00986959,0.00986959,0.00986959,0.00986959,0.00986959,0.00986959,0.00986959
1594594.595,0.00993098,0.00993098,0.00993098,0.00993098,0.00993098,0.00993098,0.00993098,0.00993098,0.00993098,0.00993098,0.00993098
1602502.503,0.00999258,0.00999258,0.00999258,0.00999258,0.00999258,0.00999258,0.00999258,0.00999258,0.00999258,0.00999258,0.00999258
1610410.41,0.0100544,0.0100544,0.0100544,0.0100544,0.0100544,0.0100544,0.0100544,0.0100544,0.0100544,0.0100544,0.0100544
1618318.318,0.0101164,0.0101164,0.0101164,0.0101164,0.0101164,0.0101164,0.0101164,0.0101164,0.0101164,0.0101164,0.0101164
1626226.226,0.0101787,0.0101787,0.0101787,0.0101787,0.0101787,0.0101787,0.0101787,0.0101787,0.0101787,0.0101787,0.0101787
1634134.134,0.0102411,0.0102411,0.0102411,0.0102411,0.0102411,0.0102411,0.0102411,0.0102411,0.0102411,0.0102411,0.0102411
1642042.042,0.0103038,0.0103038,0.0103038,0.0103038,0.0103038,0.0103038,0.0103038,0.0103038,0.0103038,0.0103038,0.0103038
1649949.95,0.0103667,0.0103667,0.0103667,0.0103667,0.0103667,0.0103667,0.0103667,0.0103667,0.0103667,0.0103667,0.0103667
1657857.858,0.0104299,0.0104299,0.0104299,0.0104299,0.0104299,0.0104299,0.0104299,0.0104299,0.0104299,0.0104299,0.0104299
1665765.766,0.0104932,0.0104932,0.0104932,0.0104932,0.0104932,0.0104932,0.0104932,0.0104932,0.0104932,0.0104932,0.0104932
1673673.674,0.0105568,0.0105568,0.0105568,0.0105568,0.0105568,0.0105568,0.0105568,0.0105568,0.0105568,0.0105568,0.0105568
1681581.582,0.0106207,0.0106207,0.0106207,0.0106207,0.0106207,0.0106207,0.0106207,0.0106207,0.0106207,0.0106207,0.0106207
1689489.489,0.0106847,0.0106847,0.0106847,0.0106847,0.0106847,0.0106847,0.0106847,0.0106847,0.0106847,0.0106847,0.0106847
1697397.397,0.010749,0.010749,0.010749,0.010749,0.010749,0.010749,0.010749,0.010749,0.010749,0.010749,0.010749
1705305.305,0.0108136,0.0108136,0.0108136,0.0108136,0.0108136,0.0108136,0.0108136,0.0108136,0.0108136,0.0108136,0.0108136
1713213.213,0.0108784,0.0108784,0.0108784,0.0108784,0.0108784,0.0108784,0.0108784,0.0108784,0.0108784,0.0108784,0.0108784
1721121.121,0.0109434,0.0109434,0.0109434,0.0109434,0.0109434,0.0109434,0.0109434,0.0109434,0.0109434,0.0109434,0.0109434
1729029.029,0.0110087,0.0110087,0.0110087,0.0110087,0.0110087,0.0110087,0.0110087,0.0110087,0.0110087,0.0110087,0.0110087
1736936.937,0.0110742,0.0110742,0.0110742,0.0110742,0.0110742,0.0110742,0.0110742,0.0110742,0.0110742,0.0110742,0.0110742
1744844.845,0.0111399,0.0111399,0.0111399,0.0111399,0.0111399,0.0111399,0.0111399,0.0111399,0.0111399,0.0111399,0.0111399
1752752.753,0.011206,0.011206,0.011206,0.011206,0.011206,0.011206,0.011206,0.011206,0.011206,0.011206,0.011206
1760660.661,0.0112722,0.0112722,0.0112722,0.0112722,0.0112722,0.0112722,0.0112722,0.0112722,0.0112722,0.0112722,0.0112722
1768568.569,0.0113388,0.0113388,0.0113388,0.0113388,0.0113388,0.0113388,0.0113388,0.0113388,0.0113388,0.0113388,0.0113388
1776476.476,0.0114056,0.0114056,0.0114056,0.0114056,0.0114056,0.0114056,0.0114056,0.0114056,0.0114056,0.0114056,0.0114056
1784384.384,0.0114726,0.0114726,0.0114726,0.0114726,0.0114726,0.0114726,0.0114726,0.0114726,0.0114726,0.0114726,0.0114726
1792292.292,0.0115399,0.0115399,0.0115399,0.0115399,0.0115399,0.0115399,0.0115399,0.0115399,0.0115399,0.0115399,0.0115399
1800200.2,0.0116075,0.0116075,0.0116075,0.0116075,0.0116075,0.0116075,0.0116075,0.0116075,0.0116075,0.0116075,0.0116075
1808108.108,0.0116753,0.0116753,0.0116753,0.0116753,0.0116753,0.0116753,0.0116753,0.0116753,0.0116753,0.0116753,0.0116753
1816016.016,0.0117435,0.0117435,0.0117435,0.0117435,0.0117435,0.0117435,0.0117435,0.0117435,0.0117435,0.0117435,0.0117435
1823923.924,0.0118119,0.0118119,0.0118119,0.0118119,0.0118119,0.0118119,0.0118119,0.0118119,0.0118119,0.0118119,0.0118119
1831831.832,0.0118805,0.0118805,0.0118805,0.0118805,0.0118805,0.0118805,0.0118805,0.0118805,0.0118805,0.0118805,0.0118805
1839739.74,0.0119495,0.0119495,0.0119495,0.0119495,0.0119495,0.0119495,0.0119495,0.0119495,0.0119495,0.0119495,0.0119495
1847647.648,0.0120187,0.0120187,0.0120187,0.0120187,0.0120187,0.0120187,0.0120187,0.0120187,0.0120187,0.0120187,0.0120187
1855555.556,0.0120882,0.0120882,0.0120882,0.0120882,0.0120882,0.0120882,0.0120882,0.0120882,0.0120882,0.0120882,0.0120882
1863463.463,0.012158,0.012158,0.012158,0.012158,0.012158,0.012158,0.012158,0.012158,0.012158,0.012158,0.012158
1871371.371,0.0122281,0.0122281,0.0122281,0.0122281,0.0122281,0.0122281,0.0122281,0.0122281,0.0122281,0.0122281,0.0122281
1879279.279,0.0122985,0.0122985,0.0122985,0.0122985,0.0122985,0.0122985,0.0122985,0.0122985,0.0122985,0.0122985,0.0122985
1887187.187,0.0123692,0.0123692,0.0123692,0.0123692,0.0123692,0.0123692,0.0123692,0.0123692,0.0123692,0.0123692,0.0123692
1895095.095,0.0124401,0.0124401,0.0124401,0.0124401,0.0124401,0.0124401,0.0124401,0.0124401,0.0124401,0.0124401,0.0124401
1903003.003,0.0125114,0.0125114,0.0125114,0.0125114,0.0125114,0.0125114,0.0125114,0.0125114,0.0125114,0.0125114,0.0125114
1910910.911,0.012583,0.012583,0.012583,0.012583,0.012583,0.012583,0.012583,0.012583,0.012583,0.012583,0.012583
1918818.819,0.0126548,0.0126548,0.0126548,0.0126548,0.0126548,0.0126548,0.0126548,0.0126548,0.0126548,0.0126548,0.0126548
1926726.727,0.012727,0.012727,0.012727,0.012727,0.012727,0.012727,0.012727,0.012727,0.012727,0.012727,0.012727
1934634.635,0.0127995,0.0127995,0.0127995,0.0127995,0.0127995,0.0127995,0.0127995,0.0127995,0.0127995,0.0127995,0.0127995
1942542.543,0.0128723,0.0128723,0.0128723,0.0128723,0.0128723,0.0128723,0.0128723,0.0128723,0.0128723,0.0128723,0.0128723
1950450.45,0.0129455,0.0129455,0.0129455,0.0129455,0.0129455,0.0129455,0.0129455,0.0129455,0.0129455,0.0129455,0.0129455
1958358.358,0.0130189,0.0130189,0.0130189,0.0130189,0.0130189,0.0130189,0.0130189,0.0130189,0.0130189,0.0130189,0.0130189
1966266.266,0.0130927,0.0130927,0.0130927,0.0130927,0.0130927,0.0130927,0.0130927,0.0130927,0.0130927,0.0130927,0.0130927
1974174.174,0.0131668,0.0131668,0.0131668,0.0131668,0.0131668,0.0131668,0.0131668,0.0131668,0.0131668,0.0131668,0.0131668
1982082.082,0.0132412,0.0132412,0.0132412,0.0132412,0.0132412,0.0132412,0.0132412,0.0132412,0.0132412,0.0132412,0.0132412
1989989.99,0.013316,0.013316,0.013316,0.013316,0.013316,0.013316,0.013316,0.013316,0.013316,0.013316,0.013316
1997897.898,0.0133911,0.0133911,0.0133911,0.0133911,0.0133911,0.0133911,0.0133911,0.0133911,0.0133911,0.0133911,0.0133911
2005805.806,0.0134665,0.0134665,0.0134665,0.0134665,0.0134665,0.0134665,0.0134665,0.0134665,0.0134665,0.0134665,0.0134665
2013713.714,0.0135423,0.0135423,0.0135423,0.0135423,0.0135423,0.0135423,0.0135423,0.0135423,0.0135423,0.0135423,0.0135423
2021621.622,0.0136184,0.0136184,0.0136184,0.0136184,0.0136184,0.0136184,0.0136184,0.0136184,0.0136184,0.0136184,0.0136184
2029529.53,0.0136948,0.0136948,0.0136948,0.0136948,0.0136948,0.0136948,0.0136948,0.0136948,0.0136948,0.0136948,0.0136948
2037437.437,0.0137717,0.0137717,0.0137717,0.0137717,0.0137717,0.0137717,0.0137717,0.0137717,0.0137717,0.0137717,0.0137717
2045345.345,0.0138488,0.0138488,0.0138488,0.0138488,0.0138488,0.0138488,0.0138488,0.0138488,0.0138488,0.0138488,0.0138488
2053253.253,0.0139264,0.0139264,0.0139264,0.0139264,0.0139264,0.0139264,0.0139264,0.0139264,0.0139264,0.0139264,0.0139264
2061161.161,0.0140042,0.0140042,0.0140042,0.0140042,0.0140042,0.0140042,0.0140042,0.0140042,0.0140042,0.0140042,0.0140042
2069069.069,0.0140825,0.0140825,0.0140825,0.0140825,0.0140825,0.0140825,0.0140825,0.0140825,0.0140825,0.0140825,0.0140825
2076976.977,0.0141611,0.0141611,0.0141611,0.0141611,0.0141611,0.0141611,0.0141611,0.0141611,0.0141611,0.0141611,0.0141611
2084884.885,0.0142401,0.0142401,0.0142401,0.0142401,0.0142401,0.0142401,0.0142401,0.0142401,0.0142401,0.0142401,0.0142401
2092792.793,0.0143195,0.0143195,0.0143195,0.0143195,0.0143195,0.0143195,0.0143195,0.0143195,0.0143195,0.0143195,0.0143195
2100700.701,0.0143992,0.0143992,0.0143992,0.0143992,0.0143992,0.0143992,0.0143992,0.0143992,0.0143992,0.0143992,0.0143992
2108608.609,0.0144794,0.0144794,0.0144794,0.0144794,0.0144794,0.0144794,0.0144794,0.0144794,0.0144794,0.0144794,0.0144794
2116516.517,0.0145599,0.0145599,0.0145599,0.0145599,0.0145599,0.0145599,0.0145599,0.0145599,0.0145599,0.0145599,0.0145599
2124424.424,0.0146408,0.0146408,0.0146408,0.0146408,0.0146408,0.0146408,0.0146408,0.0146408,0.0146408,0.0146408,0.0146408
2132332.332,0.0147221,0.0147221,0.0147221,0.0147221,0.0147221,0.0147221,0.0147221,0.0147221,0.0147221,0.0147221,0.0147221
2140240.24,0.0148038,0.0148038,0.0148038,0.0148038,0.0148038,0.0148038,0.0148038,0.0148038,0.0148038,0.0148038,0.0148038
2148148.148,0.0148859,0.0148859,0.0148859,0.0148859,0.0148859,0.0148859,0.0148859,0.0148859,0.0148859,0.0148859,0.0148859
2156056.056,0.0149684,0.0149684,0.0149684,0.0149684,0.0149684,0.0149684,0.0149684,0.0149684,0.0149684,0.0149684,0.0149684
2163963.964,0.0150513,0.0150513,0.0150513,0.0150513,0.0150513,0.0150513,0.0150513,0.0150513,0.0150513,0.0150513,0.0150513
2171871.872,0.0151346,0.0151346,0.0151346,0.0151346,0.0151346,0.0151346,0.0151346,0.0151346,0.0151346,0.0151346,0.0151346
2179779.78,0.0152184,0.0152184,0.0152184,0.0152184,0.0152184,0.0152184,0.0152184,0.0152184,0.0152184,0.0152184,0.0152184
2187687.688,0.0153026,0.0153026,0.0153026,0.0153026,0.0153026,0.0153026,0.0153026,0.0153026,0.0153026,0.0153026,0.0153026
2195595.596,0.0153871,0.0153871,0.0153871,0.0153871,0.0153871,0.0153871,0.0153871,0.0153871,0.0153871,0.0153871,0.0153871
2203503.504,0.0154722,0.0154722,0.0154722,0.0154722,0.0154722,0.0154722,0.0154722,0.0154722,0.0154722,0.0154722,0.0154722
2211411.411,0.0155576,0.0155576,0.0155576,0.0155576,0.0155576,0.0155576,0.0155576,0.0155576,0.0155576,0.0155576,0.0155576
2219319.319,0.0156435,0.0156435,0.0156435,0.0156435,0.0156435,0.0156435,0.0156435,0.0156435,0.0156435,0.0156435,0.0156435
2227227.227,0.0157298,0.0157298,0.0157298,0.0157298,0.0157298,0.0157298,0.0157298,0.0157298,0.0157298,0.0157298,0.0157298
2235135.135,0.0158166,0.0158166,0.0158166,0.0158166,0.0158166,0.0158166,0.0158166,0.0158166,0.0158166,0.0158166,0.0158166
2243043.043,0.0159039,0.0159039,0.0159039,0.0159039,0.0159039,0.0159039,0.0159039,0.0159039,0.0159039,0.0159039,0.0159039
2250950.951,0.0159916,0.0159916,0.0159916,0.0159916,0.0159916,0.0159916,0.0159916,0.0159916,0.0159916,0.0159916,0.0159916
2258858.859,0.0160797,0.0160797,0.0160797,0.0160797,0.0160797,0.0160797,0.0160797,0.0160797,0.0160797,0.0160797,0.0160797
2266766.767,0.0161683,0.0161683,0.0161683,0.0161683,0.0161683,0.0161683,0.0161683,0.0161683,0.0161683,0.0161683,0.0161683
2274674.675,0.0162574,0.0162574,0.0162574,0.0162574,0.0162574,0.0162574,0.0162574,0.0162574,0.0162574,0.0162574,0.0162574
2282582.583,0.016347,0.016347,0.016347,0.016347,0.016347,0.016347,0.016347,0.016347,0.016347,0.016347,0.016347
2290490.49,0.016437,0.016437,0.016437,0.016437,0.016437,0.016437,0.016437,0.016437,0.016437,0.016437,0.016437
2298398.398,0.0165275,0.0165275,0.0165275,0.0165275,0.0165275,0.0165275,0.0165275,0.0165275,0.0165275,0.0165275,0.0165275
2306306.306,0.0166185,0.0166185,0.0166185,0.0166185,0.0166185,0.0166185,0.0166185,0.0166185,0.0166185,0.0166185,0.0166185
2314214.214,0.0167101,0.0167101,0.0167101,0.0167101,0.0167101,0.0167101,0.0167101,0.0167101,0.0167101,0.0167101,0.0167101
2322122.122,0.0168021,0.0168021,0.0168021,0.0168021,0.0168021,0.0168021,0.0168021,0.0168021,0.0168021,0.0168021,0.0168021
2330030.03,0.0168946,0.0168946,0.0168946,0.0168946,0.0168946,0.0168946,0.0168946,0.0168946,0.0168946,0.0168946,0.0168946
2337937.938,0.0169876,0.0169876,0.0169876,0.0169876,0.0169876,0.0169876,0.0169876,0.0169876,0.0169876,0.0169876,0.0169876
2345845.846,0.0170811,0.0170811,0.0170811,0.0170811,0.0170811,0.0170811,0.0170811,0.0170811,0.0170811,0.0170811,0.0170811
2353753.754,0.0171752,0.0171752,0.0171752,0.0171752,0.0171752,0.0171752,0.0171752,0.0171752,0.0171752,0.0171752,0.0171752
2361661.662,0.0172697,0.0172697,0.0172697,0.0172697,0.0172697,0.0172697,0.0172697,0.0172697,0.0172697,0.0172697,0.0172697
2369569.57,0.0173648,0.0173648,0.0173648,0.0173648,0.0173648,0.0173648,0.0173648,0.0173648,0.0173648,0.0173648,0.0173648
2377477.477,0.0174605,0.0174605,0.0174605,0.0174605,0.0174605,0.0174605,0.0174605,0.0174605,0.0174605,0.0174605,0.0174605
2385385.385,0.0175567,0.0175567,0.0175567,0.0175567,0.0175567,0.0175567,0.0175567,0.0175567,0.0175567,0.0175567,0.0175567
2393293.293,0.0176534,0.0176534,0.0176534,0.0176534,0.0176534,0.0176534,0.0176534,0.0176534,0.0176534,0.0176534,0.0176534
2401201.201,0.0177507,0.0177507,0.0177507,0.0177507,0.0177507,0.0177507,0.0177507,0.0177507,0.0177507,0.0177507,0.0177507
2409109.109,0.0178485,0.0178485,0.0178485,0.0178485,0.0178485,0.0178485,0.0178485,0.0178485,0.0178485,0.0178485,0.0178485
2417017.017,0.0179469,0.0179469,0.0179469,0.0179469,0.0179469,0.0179469,0.0179469,0.0179469,0.0179469,0.0179469,0.0179469
2424924.925,0.0180459,0.0180459,0.0180459,0.0180459,0.0180459,0.0180459,0.0180459,0.0180459,0.0180459,0.0180459,0.0180459
2432832.833,0.0181455,0.0181455,0.0181455,0.0181455,0.0181455,0.0181455,0.0181455,0.0181455,0.0181455,0.0181455,0.0181455
2440740.741,0.0182456,0.0182456,0.0182456,0.0182456,0.0182456,0.0182456,0.0182456,0.0182456,0.0182456,0.0182456,0.0182456
2448648.649,0.0183463,0.0183463,0.0183463,0.0183463,0.0183463,0.0183463,0.0183463,0.0183463,0.0183463,0.0183463,0.0183463
2456556.557,0.0184477,0.0184477,0.0184477,0.0184477,0.0184477,0.0184477,0.0184477,0.0184477,0.0184477,0.0184477,0.0184477
2464464.464,0.0185496,0.0185496,0.0185496,0.0185496,0.0185496,0.0185496,0.0185496,0.0185496,0.0185496,0.0185496,0.0185496
2472372.372,0.0186521,0.0186521,0.0186521,0.0186521,0.0186521,0.0186521,0.0186521,0.0186521,0.0186521,0.0186521,0.0186521
2480280.28,0.0187552,0.0187552,0.0187552,0.0187552,0.0187552,0.0187552,0.0187552,0.0187552,0.0187552,0.0187552,0.0187552
2488188.188,0.018859,0.018859,0.018859,0.018859,0.018859,0.018859,0.018859,0.018859,0.018859,0.018859,0.018859
2496096.096,0.0189634,0.0189634,0.0189634,0.0189634,0.0189634,0.0189634,0.0189634,0.0189634,0.0189634,0.0189634,0.0189634
2504004.004,0.0190684,0.0190684,0.0190684,0.0190684,0.0190684,0.0190684,0.0190684,0.0190684,0.0190684,0.0190684,0.0190684
2511911.912,0.0191741,0.0191741,0.0191741,0.0191741,0.0191741,0.0191741,0.0191741,0.0191741,0.0191741,0.0191741,0.0191741
2519819.82,0.0192804,0.0192804,0.0192804,0.0192804,0.0192804,0.0192804,0.0192804,0.0192804,0.0192804,0.0192804,0.0192804
2527727.728,0.0193874,0.0193874,0.0193874,0.0193874,0.0193874,0.0193874,0.0193874,0.0193874,0.0193874,0.0193874,0.0193874
2535635.636,0.019495,0.019495,0.019495,0.019495,0.019495,0.019495,0.019495,0.019495,0.019495,0.019495,0.019495
2543543.544,0.0196033,0.0196033,0.0196033,0.0196033,0.0196033,0.0196033,0.0196033,0.0196033,0.0196033,0.0196033,0.0196033
2551451.451,0.0197123,0.0197123,0.0197123,0.0197123,0.0197123,0.0197123,0.0197123,0.0197123,0.0197123,0.0197123,0.0197123
2559359.359,0.0198219,0.0198219,0.0198219,0.0198219,0.0198219,0.0198219,0.0198219,0.0198219,0.0198219,0.0198219,0.0198219
2567267.267,0.0199323,0.0199323,0.0199323,0.0199323,0.0199323,0.0199323,0.0199323,0.0199323,0.0199323,0.0199323,0.0199323
2575175.175,0.0200433,0.0200433,0.0200433,0.0200433,0.0200433,0.0200433,0.0200433,0.0200433,0.0200433,0.0200433,0.0200433
2583083.083,0.0201551,0.0201551,0.0201551,0.0201551,0.0201551,0.0201551,0.0201551,0.0201551,0.0201551,0.0201551,0.0201551
2590990.991,0.0202676,0.0202676,0.0202676,0.0202676,0.0202676,0.0202676,0.0202676,0.0202676,0.0202676,0.0202676,0.0202676
2598898.899,0.0203807,0.0203807,0.0203807,0.0203807,0.0203807,0.0203807,0.0203807,0.0203807,0.0203807,0.0203807,0.0203807
2606806.807,0.0204947,0.0204947,0.0204947,0.0204947,0.0204947,0.0204947,0.0204947,0.0204947,0.0204947,0.0204947,0.0204947
2614714.715,0.0206093,0.0206093,0.0206093,0.0206093,0.0206093,0.0206093,0.0206093,0.0206093,0.0206093,0.0206093,0.0206093
2622622.623,0.0207248,0.0207248,0.0207248,0.0207248,0.0207248,0.0207248,0.0207248,0.0207248,0.0207248,0.0207248,0.0207248
2630530.531,0.0208409,0.0208409,0.0208409,0.0208409,0.0208409,0.0208409,0.0208409,0.0208409,0.0208409,0.0208409,0.0208409
2638438.438,0.0209579,0.0209579,0.0209579,0.0209579,0.0209579,0.0209579,0.0209579,0.0209579,0.0209579,0.0209579,0.0209579
2646346.346,0.0210756,0.0210756,0.0210756,0.0210756,0.0210756,0.0210756,0.0210756,0.0210756,0.0210756,0.0210756,0.0210756
2654254.254,0.021194,0.021194,0.021194,0.021194,0.021194,0.021194,0.021194,0.021194,0.021194,0.021194,0.021194
2662162.162,0.0213133,0.0213133,0.0213133,0.0213133,0.0213133,0.0213133,0.0213133,0.0213133,0.0213133,0.0213133,0.0213133
2670070.07,0.0214334,0.0214334,0.0214334,0.0214334,0.0214334,0.0214334,0.0214334,0.0214334,0.0214334,0.0214334,0.0214334
2677977.978,0.0215543,0.0215543,0.0215543,0.0215543,0.0215543,0.0215543,0.0215543,0.0215543,0.0215543,0.0215543,0.0215543
2685885.886,0.021676,0.021676,0.021676,0.021676,0.021676,0.021676,0.021676,0.021676,0.021676,0.021676,0.021676
2693793.794,0.0217985,0.0217985,0.0217985,0.0217985,0.0217985,0.0217985,0.0217985,0.0217985,0.0217985,0.0217985,0.0217985
2701701.702,0.0219219,0.0219219,0.0219219,0.0219219,0.0219219,0.0219219,0.0219219,0.0219219,0.0219219,0.0219219,0.0219219
2709609.61,0.0220461,0.0220461,0.0220461,0.0220461,0.0220461,0.0220461,0.0220461,0.0220461,0.0220461,0.0220461,0.0220461
2717517.518,0.0221712,0.0221712,0.0221712,0.0221712,0.0221712,0.0221712,0.0221712,0.0221712,0.0221712,0.0221712,0.0221712
2725425.425,0.0222972,0.0222972,0.0222972,0.0222972,0.0222972,0.0222972,0.0222972,0.0222972,0.0222972,0.0222972,0.0222972
2733333.333,0.022424,0.022424,0.022424,0.022424,0.022424,0.022424,0.022424,0.022424,0.022424,0.022424,0.022424
2741241.241,0.0225517,0.0225517,0.0225517,0.0225517,0.0225517,0.0225517,0.0225517,0.0225517,0.0225517,0.0225517,0.0225517
2749149.149,0.0226803,0.0226803,0.0226803,0.0226803,0.0226803,0.0226803,0.0226803,0.0226803,0.0226803,0.0226803,0.0226803
2757057.057,0.0228098,0.0228098,0.0228098,0.0228098,0.0228098,0.0228098,0.0228098,0.0228098,0.0228098,0.0228098,0.0228098
2764964.965,0.0229403,0.0229403,0.0229403,0.0229403,0.0229403,0.0229403,0.0229403,0.0229403,0.0229403,0.0229403,0.0229403
2772872.873,0.0230717,0.0230717,0.0230717,0.0230717,0.0230717,0.0230717,0.0230717,0.0230717,0.0230717,0.0230717,0.0230717
2780780.781,0.023204,0.023204,0.023204,0.023204,0.023204,0.023204,0.023204,0.023204,0.023204,0.023204,0.023204
2788688.689,0.0233372,0.0233372,0.0233372,0.0233372,0.0233372,0.0233372,0.0233372,0.0233372,0.0233372,0.0233372,0.0233372
2796596.597,0.0234715,0.0234715,0.0234715,0.0234715,0.0234715,0.0234715,0.0234715,0.0234715,0.0234715,0.0234715,0.0234715
2804504.505,0.0236067,0.0236067,0.0236067,0.0236067,0.0236067,0.0236067,0.0236067,0.0236067,0.0236067,0.0236067,0.0236067
2812412.412,0.0237429,0.0237429,0.0237429,0.0237429,0.0237429,0.0237429,0.0237429,0.0237429,0.0237429,0.0237429,0.0237429
2820320.32,0.0238801,0.0238801,0.0238801,0.0238801,0.0238801,0.0238801,0.0238801,0.0238801,0.0238801,0.0238801,0.0238801
2828228.228,0.0240183,0.0240183,0.0240183,0.0240183,0.0240183,0.0240183,0.0240183,0.0240183,0.0240183,0.0240183,0.0240183
2836136.136,0.0241576,0.0241576,0.0241576,0.0241576,0.0241576,0.0241576,0.0241576,0.0241576,0.0241576,0.0241576,0.0241576
2844044.044,0.0242979,0.0242979,0.0242979,0.0242979,0.0242979,0.0242979,0.0242979,0.0242979,0.0242979,0.0242979,0.0242979
2851951.952,0.0244392,0.0244392,0.0244392,0.0244392,0.0244392,0.0244392,0.0244392,0.0244392,0.0244392,0.0244392,0.0244392
2859859.86,0.0245816,0.0245816,0.0245816,0.0245816,0.0245816,0.0245816,0.0245816,0.0245816,0.0245816,0.0245816,0.0245816
2867767.768,0.0247251,0.0247251,0.0247251,0.0247251,0.0247251,0.0247251,0.0247251,0.0247251,0.0247251,0.0247251,0.0247251
2875675.676,0.0248697,0.0248697,0.0248697,0.0248697,0.0248697,0.0248697,0.0248697,0.0248697,0.0248697,0.0248697,0.0248697
2883583.584,0.0250153,0.0250153,0.0250153,0.0250153,0.0250153,0.0250153,0.0250153,0.0250153,0.0250153,0.0250153,0.0250153
2891491.491,0.0251621,0.0251621,0.0251621,0.0251621,0.0251621,0.0251621,0.0251621,0.0251621,0.0251621,0.0251621,0.0251621
2899399.399,0.0253101,0.0253101,0.0253101,0.0253101,0.0253101,0.0253101,0.0253101,0.0253101,0.0253101,0.0253101,0.0253101
2907307.307,0.0254592,0.0254592,0.0254592,0.0254592,0.0254592,0.0254592,0.0254592,0.0254592,0.0254592,0.0254592,0.0254592
2915215.215,0.0256094,0.0256094,0.0256094,0.0256094,0.0256094,0.0256094,0.0256094,0.0256094,0.0256094,0.0256094,0.0256094
2923123.123,0.0257608,0.0257608,0.0257608,0.0257608,0.0257608,0.0257608,0.0257608,0.0257608,0.0257608,0.0257608,0.0257608
2931031.031,0.0259135,0.0259135,0.0259135,0.0259135,0.0259135,0.0259135,0.0259135,0.0259135,0.0259135,0.0259135,0.0259135
2938938.939,0.0260673,0.0260673,0.0260673,0.0260673,0.0260673,0.0260673,0.0260673,0.0260673,0.0260673,0.0260673,0.0260673
2946846.847,0.0262223,0.0262223,0.0262223,0.0262223,0.0262223,0.0262223,0.0262223,0.0262223,0.0262223,0.0262223,0.0262223
2954754.755,0.0263786,0.0263786,0.0263786,0.0263786,0.0263786,0.0263786,0.0263786,0.0263786,0.0263786,0.0263786,0.0263786
2962662.663,0.0265362,0.0265362,0.0265362,0.0265362,0.0265362,0.0265362,0.0265362,0.0265362,0.0265362,0.0265362,0.0265362
2970570.571,0.026695,0.026695,0.026695,0.026695,0.026695,0.026695,0.026695,0.026695,0.026695,0.026695,0.026695
2978478.478,0.0268551,0.0268551,0.0268551,0.0268551,0.0268551,0.0268551,0.0268551,0.0268551,0.0268551,0.0268551,0.0268551
2986386.386,0.0270166,0.0270166,0.0270166,0.0270166,0.0270166,0.0270166,0.0270166,0.0270166,0.0270166,0.0270166,0.0270166
2994294.294,0.0271793,0.0271793,0.0271793,0.0271793,0.0271793,0.0271793,0.0271793,0.0271793,0.0271793,0.0271793,0.0271793
3002202.202,0.0273434,0.0273434,0.0273434,0.0273434,0.0273434,0.0273434,0.0273434,0.0273434,0.0273434,0.0273434,0.0273434
3010110.11,0.0275089,0.0275089,0.0275089,0.0275089,0.0275089,0.0275089,0.0275089,0.0275089,0.0275089,0.0275089,0.0275089
3018018.018,0.0276757,0.0276757,0.0276757,0.0276757,0.0276757,0.0276757,0.0276757,0.0276757,0.0276757,0.0276757,0.0276757
3025925.926,0.0278439,0.0278439,0.0278439,0.0278439,0.0278439,0.0278439,0.0278439,0.0278439,0.0278439,0.0278439,0.0278439
3033833.834,0.0280136,0.0280136,0.0280136,0.0280136,0.0280136,0.0280136,0.0280136,0.0280136,0.0280136,0.0280136,0.0280136
3041741.742,0.0281847,0.0281847,0.0281847,0.0281847,0.0281847,0.0281847,0.0281847,0.0281847,0.0281847,0.0281847,0.0281847
3049649.65,0.0283572,0.0283572,0.0283572,0.0283572,0.0283572,0.0283572,0.0283572,0.0283572,0.0283572,0.0283572,0.0283572
3057557.558,0.0285312,0.0285312,0.0285312,0.0285312,0.0285312,0.0285312,0.0285312,0.0285312,0.0285312,0.0285312,0.0285312
3065465.465,0.0287068,0.0287068,0.0287068,0.0287068,0.0287068,0.0287068,0.0287068,0.0287068,0.0287068,0.0287068,0.0287068
3073373.373,0.0288838,0.0288838,0.0288838,0.0288838,0.0288838,0.0288838,0.0288838,0.0288838,0.0288838,0.0288838,0.0288838
3081281.281,0.0290624,0.0290624,0.0290624,0.0290624,0.0290624,0.0290624,0.0290624,0.0290624,0.0290624,0.0290624,0.0290624
3089189.189,0.0292425,0.0292425,0.0292425,0.0292425,0.0292425,0.0292425,0.0292425,0.0292425,0.0292425,0.0292425,0.0292425
3097097.097,0.0294242,0.0294242,0.0294242,0.0294242,0.0294242,0.0294242,0.0294242,0.0294242,0.0294242,0.0294242,0.0294242
3105005.005,0.0296076,0.0296076,0.0296076,0.0296076,0.0296076,0.0296076,0.0296076,0.0296076,0.0296076,0.0296076,0.0296076
3112912.913,0.0297925,0.0297925,0.0297925,0.0297925,0.0297925,0.0297925,0.0297925,0.0297925,0.0297925,0.0297925,0.0297925
3120820.821,0.0299791,0.0299791,0.0299791,0.0299791,0.0299791,0.0299791,0.0299791,0.0299791,0.0299791,0.0299791,0.0299791
3128728.729,0.0301674,0.0301674,0.0301674,0.0301674,0.0301674,0.0301674,0.0301674,0.0301674,0.0301674,0.0301674,0.0301674
3136636.637,0.0303574,0.0303574,0.0303574,0.0303574,0.0303574,0.0303574,0.0303574,0.0303574,0.0303574,0.0303574,0.0303574
3144544.545,0.0305491,0.0305491,0.0305491,0.0305491,0.0305491,0.0305491,0.0305491,0.0305491,0.0305491,0.0305491,0.0305491
3152452.452,0.0307425,0.0307425,0.0307425,0.0307425,0.0307425,0.0307425,0.0307425,0.0307425,0.0307425,0.0307425,0.0307425
3160360.36,0.0309378,0.0309378,0.0309378,0.0309378,0.0309378,0.0309378,0.0309378,0.0309378,0.0309378,0.0309378,0.0309378
3168268.268,0.0311348,0.0311348,0.0311348,0.0311348,0.0311348,0.0311348,0.0311348,0.0311348,0.0311348,0.0311348,0.0311348
3176176.176,0.0313337,0.0313337,0.0313337,0.0313337,0.0313337,0.0313337,0.0313337,0.0313337,0.0313337,0.0313337,0.0313337
3184084.084,0.0315344,0.0315344,0.0315344,0.0315344,0.0315344,0.0315344,0.0315344,0.0315344,0.0315344,0.0315344,0.0315344
3191991.992,0.031737,0.031737,0.031737,0.031737,0.031737,0.031737,0.031737,0.031737,0.031737,0.031737,0.031737
3199899.9,0.0319415,0.0319415,0.0319415,0.0319415,0.0319415,0.0319415,0.0319415,0.0319415,0.0319415,0.0319415,0.0319415
3207807.808,0.0321479,0.0321479,0.0321479,0.0321479,0.0321479,0.0321479,0.0321479,0.0321479,0.0321479,0.0321479,0.0321479
3215715.716,0.0323563,0.0323563,0.0323563,0.0323563,0.0323563,0.0323563,0.0323563,0.0323563,0.0323563,0.0323563,0.0323563
3223623.624,0.0325667,0.0325667,0.0325667,0.0325667,0.0325667,0.0325667,0.0325667,0.0325667,0.0325667,0.0325667,0.0325667
3231531.532,0.0327792,0.0327792,0.0327792,0.0327792,0.0327792,0.0327792,0.0327792,0.0327792,0.0327792,0.0327792,0.0327792
3239439.439,0.0329937,0.0329937,0.0329937,0.0329937,0.0329937,0.0329937,0.0329937,0.0329937,0.0329937,0.0329937,0.0329937
3247347.347,0.0332103,0.0332103,0.0332103,0.0332103,0.0332103,0.0332103,0.0332103,0.0332103,0.0332103,0.0332103,0.0332103
3255255.255,0.033429,0.033429,0.033429,0.033429,0.033429,0.033429,0.033429,0.033429,0.033429,0.033429,0.033429
3263163.163,0.0336499,0.0336499,0.0336499,0.0336499,0.0336499,0.0336499,0.0336499,0.0336499,0.0336499,0.0336499,0.0336499
3271071.071,0.0338729,0.0338729,0.0338729,0.0338729,0.0338729,0.0338729,0.0338729,0.0338729,0.0338729,0.0338729,0.0338729
3278978.979,0.0340982,0.0340982,0.0340982,0.0340982,0.0340982,0.0340982,0.0340982,0.0340982,0.0340982,0.0340982,0.0340982
3286886.887,0.0343258,0.0343258,0.0343258,0.0343258,0.0343258,0.0343258,0.0343258,0.0343258,0.0343258,0.0343258,0.0343258
3294794.795,0.0345556,0.0345556,0.0345556,0.0345556,0.0345556,0.0345556,0.0345556,0.0345556,0.0345556,0.0345556,0.0345556
3302702.703,0.0347878,0.0347878,0.0347878,0.0347878,0.0347878,0.0347878,0.0347878,0.0347878,0.0347878,0.0347878,0.0347878
3310610.611,0.0350223,0.0350223,0.0350223,0.0350223,0.0350223,0.0350223,0.0350223,0.0350223,0.0350223,0.0350223,0.0350223
3318518.519,0.0352593,0.0352593,0.0352593,0.0352593,0.0352593,0.0352593,0.0352593,0.0352593,0.0352593,0.0352593,0.0352593
3326426.426,0.0354987,0.0354987,0.0354987,0.0354987,0.0354987,0.0354987,0.0354987,0.0354987,0.0354987,0.0354987,0.0354987
3334334.334,0.0357406,0.0357406,0.0357406,0.0357406,0.0357406,0.0357406,0.0357406,0.0357406,0.0357406,0.0357406,0.0357406
3342242.242,0.035985,0.035985,0.035985,0.035985,0.035985,0.035985,0.035985,0.035985,0.035985,0.035985,0.035985
3350150.15,0.036232,0.036232,0.036232,0.036232,0.036232,0.036232,0.036232,0.036232,0.036232,0.036232,0.036232
3358058.058,0.0364816,0.0364816,0.0364816,0.0364816,0.0364816,0.0364816,0.0364816,0.0364816,0.0364816,0.0364816,0.0364816
3365965.966,0.0367339,0.0367339,0.0367339,0.0367339,0.0367339,0.0367339,0.0367339,0.0367339,0.0367339,0.0367339,0.0367339
3373873.874,0.0369888,0.0369888,0.0369888,0.0369888,0.0369888,0.0369888,0.0369888,0.0369888,0.0369888,0.0369888,0.0369888
3381781.782,0.0372465,0.0372465,0.0372465,0.0372465,0.0372465,0.0372465,0.0372465,0.0372465,0.0372465,0.0372465,0.0372465
3389689.69,0.037507,0.037507,0.037507,0.037507,0.037507,0.037507,0.037507,0.037507,0.037507,0.037507,0.037507
3397597.598,0.0377704,0.0377704,0.0377704,0.0377704,0.0377704,0.0377704,0.0377704,0.0377704,0.0377704,0.0377704,0.0377704
3405505.506,0.0380366,0.0380366,0.0380366,0.0380366,0.0380366,0.0380366,0.0380366,0.0380366,0.0380366,0.0380366,0.0380366
3413413.413,0.0383058,0.0383058,0.0383058,0.0383058,0.0383058,0.0383058,0.0383058,0.0383058,0.0383058,0.0383058,0.0383058
3421321.321,0.0385779,0.0385779,0.0385779,0.0385779,0.0385779,0.0385779,0.0385779,0.0385779,0.0385779,0.0385779,0.0385779
3429229.229,0.0388531,0.0388531,0.0388531,0.0388531,0.0388531,0.0388531,0.0388531,0.0388531,0.0388531,0.0388531,0.0388531
3437137.137,0.0391314,0.0391314,0.0391314,0.0391314,0.0391314,0.0391314,0.0391314,0.0391314,0.0391314,0.0391314,0.0391314
3445045.045,0.0394128,0.0394128,0.0394128,0.0394128,0.0394128,0.0394128,0.0394128,0.0394128,0.0394128,0.0394128,0.0394128
3452952.953,0.0396975,0.0396975,0.0396975,0.0396975,0.0396975,0.0396975,0.0396975,0.0396975,0.0396975,0.0396975,0.0396975
3460860.861,0.0399854,0.0399854,0.0399854,0.0399854,0.0399854,0.0399854,0.0399854,0.0399854,0.0399854,0.0399854,0.0399854
3468768.769,0.0402766,0.0402766,0.0402766,0.0402766,0.0402766,0.0402766,0.0402766,0.0402766,0.0402766,0.0402766,0.0402766
3476676.677,0.0405712,0.0405712,0.0405712,0.0405712,0.0405712,0.0405712,0.0405712,0.0405712,0.0405712,0.0405712,0.0405712
3484584.585,0.0408692,0.0408692,0.0408692,0.0408692,0.0408692,0.0408692,0.0408692,0.0408692,0.0408692,0.0408692,0.0408692
3492492.492,0.0411708,0.0411708,0.0411708,0.0411708,0.0411708,0.0411708,0.0411708,0.0411708,0.0411708,0.0411708,0.0411708
3500400.4,0.0414759,0.0414759,0.0414759,0.0414759,0.0414759,0.0414759,0.0414759,0.0414759,0.0414759,0.0414759,0.0414759
3508308.308,0.0417846,0.0417846,0.0417846,0.0417846,0.0417846,0.0417846,0.0417846,0.0417846,0.0417846,0.0417846,0.0417846
3516216.216,0.0420971,0.0420971,0.0420971,0.0420971,0.0420971,0.0420971,0.0420971,0.0420971,0.0420971,0.0420971,0.0420971
3524124.124,0.0424133,0.0424133,0.0424133,0.0424133,0.0424133,0.0424133,0.0424133,0.0424133,0.0424133,0.0424133,0.0424133
3532032.032,0.0427333,0.0427333,0.0427333,0.0427333,0.0427333,0.0427333,0.0427333,0.0427333,0.0427333,0.0427333,0.0427333
3539939.94,0.0430573,0.0430573,0.0430573,0.0430573,0.0430573,0.0430573,0.0430573,0.0430573,0.0430573,0.0430573,0.0430573
3547847.848,0.0433852,0.0433852,0.0433852,0.0433852,0.0433852,0.0433852,0.0433852,0.0433852,0.0433852,0.0433852,0.0433852
3555755.756,0.0437172,0.0437172,0.0437172,0.0437172,0.0437172,0.0437172,0.0437172,0.0437172,0.0437172,0.0437172,0.0437172
3563663.664,0.0440534,0.0440534,0.0440534,0.0440534,0.0440534,0.0440534,0.0440534,0.0440534,0.0440534,0.0440534,0.0440534
3571571.572,0.0443938,0.0443938,0.0443938,0.0443938,0.0443938,0.0443938,0.0443938,0.0443938,0.0443938,0.0443938,0.0443938
3579479.479,0.0447384,0.0447384,0.0447384,0.0447384,0.0447384,0.0447384,0.0447384,0.0447384,0.0447384,0.0447384,0.0447384
3587387.387,0.0450875,0.0450875,0.0450875,0.0450875,0.0450875,0.0450875,0.0450875,0.0450875,0.0450875,0.0450875,0.0450875
3595295.295,0.045441,0.045441,0.045441,0.045441,0.045441,0.045441,0.045441,0.045441,0.045441,0.045441,0.045441
3603203.203,0.0457991,0.0457991,0.0457991,0.0457991,0.0457991,0.0457991,0.0457991,0.0457991,0.0457991,0.0457991,0.0457991
3611111.111,0.0461619,0.0461619,0.0461619,0.0461619,0.0461619,0.0461619,0.0461619,0.0461619,0.0461619,0.0461619,0.0461619
3619019.019,0.0465294,0.0465294,0.0465294,0.0465294,0.0465294,0.0465294,0.0465294,0.0465294,0.0465294,0.0465294,0.0465294
3626926.927,0.0469017,0.0469017,0.0469017,0.0469017,0.0469017,0.0469017,0.0469017,0.0469017,0.0469017,0.0469017,0.0469017
3634834.835,0.047279,0.047279,0.047279,0.047279,0.047279,0.047279,0.047279,0.047279,0.047279,0.047279,0.047279
3642742.743,0.0476614,0.0476614,0.0476614,0.0476614,0.0476614,0.0476614,0.0476614,0.0476614,0.0476614,0.0476614,0.0476614
3650650.651,0.0480488,0.0480488,0.0480488,0.0480488,0.0480488,0.0480488,0.0480488,0.0480488,0.0480488,0.0480488,0.0480488
3658558.559,0.0484416,0.0484416,0.0484416,0.0484416,0.0484416,0.0484416,0.0484416,0.0484416,0.0484416,0.0484416,0.0484416
3666466.466,0.0488397,0.0488397,0.0488397,0.0488397,0.0488397,0.0488397,0.0488397,0.0488397,0.0488397,0.0488397,0.0488397
3674374.374,0.0492432,0.0492432,0.0492432,0.0492432,0.0492432,0.0492432,0.0492432,0.0492432,0.0492432,0.0492432,0.0492432
3682282.282,0.0496524,0.0496524,0.0496524,0.0496524,0.0496524,0.0496524,0.0496524,0.0496524,0.0496524,0.0496524,0.0496524
3690190.19,0.0500673,0.0500673,0.0500673,0.0500673,0.0500673,0.0500673,0.0500673,0.0500673,0.0500673,0.0500673,0.0500673
3698098.098,0.050488,0.050488,0.050488,0.050488,0.050488,0.050488,0.050488,0.050488,0.050488,0.050488,0.050488
3706006.006,0.0509147,0.0509147,0.0509147,0.0509147,0.0509147,0.0509147,0.0509147,0.0509147,0.0509147,0.0509147,0.0509147
3713913.914,0.0513475,0.0513475,0.0513475,0.0513475,0.0513475,0.0513475,0.0513475,0.0513475,0.0513475,0.0513475,0.0513475
3721821.822,0.0517865,0.0517865,0.0517865,0.0517865,0.0517865,0.0517865,0.0517865,0.0517865,0.0517865,0.0517865,0.0517865
3729729.73,0.0522318,0.0522318,0.0522318,0.0522318,0.0522318,0.0522318,0.0522318,0.0522318,0.0522318,0.0522318,0.0522318
3737637.638,0.0526837,0.0526837,0.0526837,0.0526837,0.0526837,0.0526837,0.0526837,0.0526837,0.0526837,0.0526837,0.0526837
3745545.546,0.0531422,0.0531422,0.0531422,0.0531422,0.0531422,0.0531422,0.0531422,0.0531422,0.0531422,0.0531422,0.0531422
3753453.453,0.0536076,0.0536076,0.0536076,0.0536076,0.0536076,0.0536076,0.0536076,0.0536076,0.0536076,0.0536076,0.0536076
3761361.361,0.0540799,0.0540799,0.0540799,0.0540799,0.0540799,0.0540799,0.0540799,0.0540799,0.0540799,0.0540799,0.0540799
3769269.269,0.0545593,0.0545593,0.0545593,0.0545593,0.0545593,0.0545593,0.0545593,0.0545593,0.0545593,0.0545593,0.0545593
3777177.177,0.055046,0.055046,0.055046,0.055046,0.055046,0.055046,0.055046,0.055046,0.055046,0.055046,0.055046
3785085.085,0.0555401,0.0555401,0.0555401,0.0555401,0.0555401,0.0555401,0.0555401,0.0555401,0.0555401,0.0555401,0.0555401
3792992.993,0.0560419,0.0560419,0.0560419,0.0560419,0.0560419,0.0560419,0.0560419,0.0560419,0.0560419,0.0560419,0.0560419
3800900.901,0.0565515,0.0565515,0.0565515,0.0565515,0.0565515,0.0565515,0.0565515,0.0565515,0.0565515,0.0565515,0.0565515
3808808.809,0.057069,0.057069,0.057069,0.057069,0.057069,0.057069,0.057069,0.057069,0.057069,0.057069,0.057069
3816716.717,0.0575948,0.0575948,0.0575948,0.0575948,0.0575948,0.0575948,0.0575948,0.0575948,0.0575948,0.0575948,0.0575948
3824624.625,0.058129,0.058129,0.058129,0.058129,0.058129,0.058129,0.058129,0.058129,0.058129,0.058129,0.058129
3832532.533,0.0586717,0.0586717,0.0586717,0.0586717,0.0586717,0.0586717,0.0586717,0.0586717,0.0586717,0.0586717,0.0586717
3840440.44,0.0592233,0.0592233,0.0592233,0.0592233,0.0592233,0.0592233,0.0592233,0.0592233,0.0592233,0.0592233,0.0592233
3848348.348,0.0597838,0.0597838,0.0597838,0.0597838,0.0597838,0.0597838,0.0597838,0.0597838,0.0597838,0.0597838,0.0597838
3856256.256,0.0603537,0.0603537,0.0603537,0.0603537,0.0603537,0.0603537,0.0603537,0.0603537,0.0603537,0.0603537,0.0603537
3864164.164,0.060933,0.060933,0.060933,0.060933,0.060933,0.060933,0.060933,0.060933,0.060933,0.060933,0.060933
3872072.072,0.061522,0.061522,0.061522,0.061522,0.061522,0.061522,0.061522,0.061522,0.061522,0.061522,0.061522
3879979.98,0.062121,0.062121,0.062121,0.062121,0.062121,0.062121,0.062121,0.062121,0.062121,0.062121,0.062121
3887887.888,0.0627302,0.0627302,0.0627302,0.0627302,0.0627302,0.0627302,0.0627302,0.0627302,0.0627302,0.0627302,0.0627302
3895795.796,0.0633499,0.0633499,0.0633499,0.0633499,0.0633499,0.0633499,0.0633499,0.0633499,0.0633499,0.0633499,0.0633499
3903703.704,0.0639804,0.0639804,0.0639804,0.0639804,0.0639804,0.0639804,0.0639804,0.0639804,0.0639804,0.0639804,0.0639804
3911611.612,0.064622,0.064622,0.064622,0.064622,0.064622,0.064622,0.064622,0.064622,0.064622,0.064622,0.064622
3919519.52,0.0652749,0.0652749,0.0652749,0.0652749,0.0652749,0.0652749,0.0652749,0.0652749,0.0652749,0.0652749,0.0652749
3927427.427,0.0659395,0.0659395,0.0659395,0.0659395,0.0659395,0.0659395,0.0659395,0.0659395,0.0659395,0.0659395,0.0659395
3935335.335,0.0666161,0.0666161,0.0666161,0.0666161,0.0666161,0.0666161,0.0666161,0.0666161,0.0666161,0.0666161,0.0666161
3943243.243,0.067305,0.067305,0.067305,0.067305,0.067305,0.067305,0.067305,0.067305,0.067305,0.067305,0.067305
3951151.151,0.0680065,0.0680065,0.0680065,0.0680065,0.0680065,0.0680065,0.0680065,0.0680065,0.0680065,0.0680065,0.0680065
3959059.059,0.068721,0.068721,0.068721,0.068721,0.068721,0.068721,0.068721,0.068721,0.068721,0.068721,0.068721
3966966.967,0.069449,0.069449,0.069449,0.069449,0.069449,0.069449,0.069449,0.069449,0.069449,0.069449,0.069449
3974874.875,0.0701906,0.0701906,0.0701906,0.0701906,0.0701906,0.0701906,0.0701906,0.0701906,0.0701906,0.0701906,0.0701906
3982782.783,0.0709465,0.0709465,0.0709465,0.0709465,0.0709465,0.0709465,0.0709465,0.0709465,0.0709465,0.0709465,0.0709465
3990690.691,0.0717169,0.0717169,0.0717169,0.0717169,0.0717169,0.0717169,0.0717169,0.0717169,0.0717169,0.0717169,0.0717169
3998598.599,0.0725023,0.0725023,0.0725023,0.0725023,0.0725023,0.0725023,0.0725023,0.0725023,0.0725023,0.0725023,0.0725023
4006506.507,0.0733031,0.0733031,0.0733031,0.0733031,0.0733031,0.0733031,0.0733031,0.0733031,0.0733031,0.0733031,0.0733031
4014414.414,0.0741198,0.0741198,0.0741198,0.0741198,0.0741198,0.0741198,0.0741198,0.0741198,0.0741198,0.0741198,0.0741198
4022322.322,0.074953,0.074953,0.074953,0.074953,0.074953,0.074953,0.074953,0.074953,0.074953,0.074953,0.074953
4030230.23,0.075803,0.075803,0.075803,0.075803,0.075803,0.075803,0.075803,0.075803,0.075803,0.075803,0.075803
4038138.138,0.0766704,0.0766704,0.0766704,0.0766704,0.0766704,0.0766704,0.0766704,0.0766704,0.0766704,0.0766704,0.0766704
4046046.046,0.0775557,0.0775557,0.0775557,0.0775557,0.0775557,0.0775557,0.0775557,0.0775557,0.0775557,0.0775557,0.0775557
4053953.954,0.0784596,0.0784596,0.0784596,0.0784596,0.0784596,0.0784596,0.0784596,0.0784596,0.0784596,0.0784596,0.0784596
4061861.862,0.0793826,0.0793826,0.0793826,0.0793826,0.0793826,0.0793826,0.0793826,0.0793826,0.0793826,0.0793826,0.0793826
4069769.77,0.0803253,0.0803253,0.0803253,0.0803253,0.0803253,0.0803253,0.0803253,0.0803253,0.0803253,0.0803253,0.0803253
4077677.678,0.0812883,0.0812883,0.0812883,0.0812883,0.0812883,0.0812883,0.0812883,0.0812883,0.0812883,0.0812883,0.0812883
4085585.586,0.0822724,0.0822724,0.0822724,0.0822724,0.0822724,0.0822724,0.0822724,0.0822724,0.0822724,0.0822724,0.0822724
4093493.493,0.0832782,0.0832782,0.0832782,0.0832782,0.0832782,0.0832782,0.0832782,0.0832782,0.0832782,0.0832782,0.0832782
4101401.401,0.0843064,0.0843064,0.0843064,0.0843064,0.0843064,0.0843064,0.0843064,0.0843064,0.0843064,0.0843064,0.0843064
4109309.309,0.0853579,0.0853579,0.0853579,0.0853579,0.0853579,0.0853579,0.0853579,0.0853579,0.0853579,0.0853579,0.0853579
4117217.217,0.0864333,0.0864333,0.0864333,0.0864333,0.0864333,0.0864333,0.0864333,0.0864333,0.0864333,0.0864333,0.0864333
4125125.125,0.0875336,0.0875336,0.0875336,0.0875336,0.0875336,0.0875336,0.0875336,0.0875336,0.0875336,0.0875336,0.0875336
4133033.033,0.0886596,0.0886596,0.0886596,0.0886596,0.0886596,0.0886596,0.0886596,0.0886596,0.0886596,0.0886596,0.0886596
4140940.941,0.0898122,0.0898122,0.0898122,0.0898122,0.0898122,0.0898122,0.0898122,0.0898122,0.0898122,0.0898122,0.0898122
4148848.849,0.0909925,0.0909925,0.0909925,0.0909925,0.0909925,0.0909925,0.0909925,0.0909925,0.0909925,0.0909925,0.0909925
4156756.757,0.0922013,0.0922013,0.0922013,0.0922013,0.0922013,0.0922013,0.0922013,0.0922013,0.0922013,0.0922013,0.0922013
4164664.665,0.0934397,0.0934397,0.0934397,0.0934397,0.0934397,0.0934397,0.0934397,0.0934397,0.0934397,0.0934397,0.0934397
4172572.573,0.0947088,0.0947088,0.0947088,0.0947088,0.0947088,0.0947088,0.0947088,0.0947088,0.0947088,0.0947088,0.0947088
4180480.48,0.0960099,0.0960099,0.0960099,0.0960099,0.0960099,0.0960099,0.0960099,0.0960099,0.0960099,0.0960099,0.0960099
4188388.388,0.097344,0.097344,0.097344,0.097344,0.097344,0.097344,0.097344,0.097344,0.097344,0.097344,0.097344
4196296.296,0.0987126,0.0987126,0.0987126,0.0987126,0.0987126,0.0987126,0.0987126,0.0987126,0.0987126,0.0987126,0.0987126
4204204.204,0.100117,0.100117,0.100117,0.100117,0.100117,0.100117,0.100117,0.100117,0.100117,0.100117,0.100117
4212112.112,0.101558,0.101558,0.101558,0.101558,0.101558,0.101558,0.101558,0.101558,0.101558,0.101558,0.101558
4220020.02,0.103038,0.103038,0.103038,0.103038,0.103038,0.103038,0.103038,0.103038,0.103038,0.103038,0.103038
4227927.928,0.104558,0.104558,0.104558,0.104558,0.104558,0.104558,0.104558,0.104558,0.104558,0.104558,0.104558
4235835.836,0.106121,0.106121,0.106121,0.106121,0.106121,0.106121,0.106121,0.106121,0.106121,0.106121,0.106121
4243743.744,0.107726,0.107726,0.107726,0.107726,0.107726,0.107726,0.107726,0.107726,0.107726,0.107726,0.107726
4251651.652,0.109377,0.109377,0.109377,0.109377,0.109377,0.109377,0.109377,0.109377,0.109377,0.109377,0.109377
4259559.56,0.111076,0.111076,0.111076,0.111076,0.111076,0.111076,0.111076,0.111076,0.111076,0.111076,0.111076
4267467.467,0.112824,0.112824,0.112824,0.112824,0.112824,0.112824,0.112824,0.112824,0.112824,0.112824,0.112824
4275375.375,0.114623,0.114623,0.114623,0.114623,0.114623,0.114623,0.114623,0.114623,0.114623,0.114623,0.114623
4283283.283,0.116477,0.116477,0.116477,0.116477,0.116477,0.116477,0.116477,0.116477,0.116477,0.116477,0.116477
4291191.191,0.118386,0.118386,0.118386,0.118386,0.118386,0.118386,0.118386,0.118386,0.118386,0.118386,0.118386
4299099.099,0.120355,0.120355,0.120355,0.120355,0.120355,0.120355,0.120355,0.120355,0.120355,0.120355,0.120355
4307007.007,0.122386,0.122386,0.122386,0.122386,0.122386,0.122386,0.122386,0.122386,0.122386,0.122386,0.122386
4314914.915,0.124481,0.124481,0.124481,0.124481,0.124481,0.124481,0.124481,0.124481,0.124481,0.124481,0.124481
4322822.823,0.126644,0.126644,0.126644,0.126644,0.126644,0.126644,0.126644,0.126644,0.126644,0.126644,0.126644
4330730.731,0.128878,0.128878,0.128878,0.128878,0.128878,0.128878,0.128878,0.128878,0.128878,0.128878,0.128878
4338638.639,0.131186,0.131186,0.131186,0.131186,0.131186,0.131186,0.131186,0.131186,0.131186,0.131186,0.131186
4346546.547,0.133573,0.133573,0.133573,0.133573,0.133573,0.133573,0.133573,0.133573,0.133573,0.133573,0.133573
4354454.454,0.136042,0.136042,0.136042,0.136042,0.136042,0.136042,0.136042,0.136042,0.136042,0.136042,0.136042
4362362.362,0.138598,0.138598,0.138598,0.138598,0.138598,0.138598,0.138598,0.138598,0.138598,0.138598,0.138598
4370270.27,0.141245,0.141245,0.141245,0.141245,0.141245,0.141245,0.141245,0.141245,0.141245,0.141245,0.141245
4378178.178,0.143988,0.143988,0.143988,0.143988,0.143988,0.143988,0.143988,0.143988,0.143988,0.143988,0.143988
4386086.086,0.146832,0.146832,0.146832,0.146832,0.146832,0.146832,0.146832,0.146832,0.146832,0.146832,0.146832
4393993.994,0.149783,0.149783,0.149783,0.149783,0.149783,0.149783,0.149783,0.149783,0.149783,0.149783,0.149783
4401901.902,0.152848,0.152848,0.152848,0.152848,0.152848,0.152848,0.152848,0.152848,0.152848,0.152848,0.152848
4409809.81,0.156032,0.156032,0.156032,0.156032,0.156032,0.156032,0.156032,0.156032,0.156032,0.156032,0.156032
4417717.718,0.159342,0.159342,0.159342,0.159342,0.159342,0.159342,0.159342,0.159342,0.159342,0.159342,0.159342
4425625.626,0.162787,0.162787,0.162787,0.162787,0.162787,0.162787,0.162787,0.162787,0.162787,0.162787,0.162787
4433533.534,0.166374,0.166374,0.166374,0.166374,0.166374,0.166374,0.166374,0.166374,0.166374,0.166374,0.166374
4441441.441,0.170112,0.170112,0.170112,0.170112,0.170112,0.170112,0.170112,0.170112,0.170112,0.170112,0.170112
4449349.349,0.174011,0.174011,0.174011,0.174011,0.174011,0.174011,0.174011,0.174011,0.174011,0.174011,0.174011
4457257.257,0.17808,0.17808,0.17808,0.17808,0.17808,0.17808,0.17808,0.17808,0.17808,0.17808,0.17808
4465165.165,0.182332,0.182332,0.182332,0.182332,0.182332,0.182332,0.182332,0.182332,0.182332,0.182332,0.182332
4473073.073,0.186778,0.186778,0.186778,0.186778,0.186778,0.186778,0.186778,0.186778,0.186778,0.186778,0.186778
4480980.981,0.191432,0.191432,0.191432,0.191432,0.191432,0.191432,0.191432,0.191432,0.191432,0.191432,0.191432
4488888.889,0.196308,0.196308,0.196308,0.196308,0.196308,0.196308,0.196308,0.196308,0.196308,0.196308,0.196308
4496796.797,0.201422,0.201422,0.201422,0.201422,0.201422,0.201422,0.201422,0.201422,0.201422,0.201422,0.201422
4504704.705,0.206791,0.206791,0.206791,0.206791,0.206791,0.206791,0.206791,0.206791,0.206791,0.206791,0.206791
4512612.613,0.212434,0.212434,0.212434,0.212434,0.212434,0.212434,0.212434,0.212434,0.212434,0.212434,0.212434
4520520.521,0.218371,0.218371,0.218371,0.218371,0.218371,0.218371,0.218371,0.218371,0.218371,0.218371,0.218371
4528428.428,0.224627,0.224627,0.224627,0.224627,0.224627,0.224627,0.224627,0.224627,0.224627,0.224627,0.224627
4536336.336,0.231224,0.231224,0.231224,0.231224,0.231224,0.231224,0.231224,0.231224,0.231224,0.231224,0.231224
4544244.244,0.238192,0.238192,0.238192,0.238192,0.238192,0.238192,0.238192,0.238192,0.238192,0.238192,0.238192
4552152.152,0.245561,0.245561,0.245561,0.245561,0.245561,0.245561,0.245561,0.245561,0.245561,0.245561,0.245561
4560060.06,0.253363,0.253363,0.253363,0.253363,0.253363,0.253363,0.253363,0.253363,0.253363,0.253363,0.253363
4567967.968,0.261637,0.261637,0.261637,0.261637,0.261637,0.261637,0.261637,0.261637,0.261637,0.261637,0.261637
4575875.876,0.270424,0.270424,0.270424,0.270424,0.270424,0.270424,0.270424,0.270424,0.270424,0.270424,0.270424
4583783.784,0.27977,0.27977,0.27977,0.27977,0.27977,0.27977,0.27977,0.27977,0.27977,0.27977,0.27977
4591691.692,0.289725,0.289725,0.289725,0.289725,0.289725,0.289725,0.289725,0.289725,0.289725,0.289725,0.289725
4599599.6,0.300346,0.300346,0.300346,0.300346,0.300346,0.300346,0.300346,0.300346,0.300346,0.300346,0.300346
4607507.508,0.311696,0.311696,0.311696,0.311696,0.311696,0.311696,0.311696,0.311696,0.311696,0.311696,0.311696
4615415.415,0.323846,0.323846,0.323846,0.323846,0.323846,0.323846,0.323846,0.323846,0.323846,0.323846,0.323846
4623323.323,0.336872,0.336872,0.336872,0.336872,0.336872,0.336872,0.336872,0.336872,0.336872,0.336872,0.336872
4631231.231,0.350861,0.350861,0.350861,0.350861,0.350861,0.350861,0.350861,0.350861,0.350861,0.350861,0.350861
4639139.139,0.365908,0.365908,0.365908,0.365908,0.365908,0.365908,0.365908,0.365908,0.365908,0.365908,0.365908
4647047.047,0.382118,0.382118,0.382118,0.382118,0.382118,0.382118,0.382118,0.382118,0.382118,0.382118,0.382118
4654954.955,0.399606,0.399606,0.399606,0.399606,0.399606,0.399606,0.399606,0.399606,0.399606,0.399606,0.399606
4662862.863,0.418496,0.418496,0.418496,0.418496,0.418496,0.418496,0.418496,0.418496,0.418496,0.418496,0.418496
4670770.771,0.438918,0.438918,0.438918,0.438918,0.438918,0.438918,0.438918,0.438918,0.438918,0.438918,0.438918
4678678.679,0.46101,0.46101,0.46101,0.46101,0.46101,0.46101,0.46101,0.46101,0.46101,0.46101,0.46101
4686586.587,0.484908,0.484908,0.484908,0.484908,0.484908,0.484908,0.484908,0.484908,0.484908,0.484908,0.484908
4694494.494,0.510737,0.510737,0.510737,0.510737,0.510737,0.510737,0.510737,0.510737,0.510737,0.510737,0.510737
4702402.402,0.538601,0.538601,0.538601,0.538601,0.538601,0.538601,0.538601,0.538601,0.538601,0.538601,0.538601
4710310.31,0.568556,0.568556,0.568556,0.568556,0.568556,0.568556,0.568556,0.568556,0.568556,0.568556,0.568556
4718218.218,0.60058,0.60058,0.60058,0.60058,0.60058,0.60058,0.60058,0.60058,0.60058,0.60058,0.60058
4726126.126,0.634529,0.634529,0.634529,0.634529,0.634529,0.634529,0.634529,0.634529,0.634529,0.634529,0.634529
4734034.034,0.670073,0.670073,0.670073,0.670073,0.670073,0.670073,0.670073,0.670073,0.670073,0.670073,0.670073
4741941.942,0.706623,0.706623,0.706623,0.706623,0.706623,0.706623,0.706623,0.706623,0.706623,0.706623,0.706623
4749849.85,0.743254,0.743254,0.743254,0.743254,0.743254,0.743254,0.743254,0.743254,0.743254,0.743254,0.743254
4757757.758,0.778643,0.778643,0.778643,0.778643,0.778643,0.778643,0.778643,0.778643,0.778643,0.778643,0.778643
4765665.666,0.811065,0.811065,0.811065,0.811065,0.811065,0.811065,0.811065,0.811065,0.811065,0.811065,0.811065
4773573.574,0.838488,0.838488,0.838488,0.838488,0.838488,0.838488,0.838488,0.838488,0.838488,0.838488,0.838488
4781481.481,0.858819,0.858819,0.858819,0.858819,0.858819,0.858819,0.858819,0.858819,0.858819,0.858819,0.858819
4789389.389,0.870268,0.870268,0.870268,0.870268,0.870268,0.870268,0.870268,0.870268,0.870268,0.870268,0.870268
4797297.297,0.87175,0.87175,0.87175,0.87175,0.87175,0.87175,0.87175,0.87175,0.87175,0.87175,0.87175
4805205.205,0.863162,0.863162,0.863162,0.863162,0.863162,0.863162,0.863162,0.863162,0.863162,0.863162,0.863162
4813113.113,0.845408,0.845408,0.845408,0.845408,0.845408,0.845408,0.845408,0.845408,0.845408,0.845408,0.845408
4821021.021,0.820162,0.820162,0.820162,0.820162,0.820162,0.820162,0.820162,0.820162,0.820162,0.820162,0.820162
4828928.929,0.789475,0.789475,0.789475,0.789475,0.789475,0.789475,0.789475,0.789475,0.789475,0.789475,0.789475
4836836.837,0.755399,0.755399,0.755399,0.755399,0.755399,0.755399,0.755399,0.755399,0.755399,0.755399,0.755399
4844744.745,0.719718,0.719718,0.719718,0.719718,0.719718,0.719718,0.719718,0.719718,0.719718,0.719718,0.719718
4852652.653,0.683825,0.683825,0.683825,0.683825,0.683825,0.683825,0.683825,0.683825,0.683825,0.683825,0.683825
4860560.561,0.648715,0.648715,0.648715,0.648715,0.648715,0.648715,0.648715,0.648715,0.648715,0.648715,0.648715
4868468.468,0.615036,0.615036,0.615036,0.615036,0.615036,0.615036,0.615036,0.615036,0.615036,0.615036,0.615036
4876376.376,0.583165,0.583165,0.583165,0.583165,0.583165,0.583165,0.583165,0.583165,0.583165,0.583165,0.583165
4884284.284,0.553284,0.553284,0.553284,0.553284,0.553284,0.553284,0.553284,0.553284,0.553284,0.553284,0.553284
4892192.192,0.52544,0.52544,0.52544,0.52544,0.52544,0.52544,0.52544,0.52544,0.52544,0.52544,0.52544
4900100.1,0.499595,0.499595,0.499595,0.499595,0.499595,0.499595,0.499595,0.499595,0.499595,0.499595,0.499595
4908008.008,0.475659,0.475659,0.475659,0.475659,0.475659,0.475659,0.475659,0.475659,0.475659,0.475659,0.475659
4915915.916,0.453515,0.453515,0.453515,0.453515,0.453515,0.453515,0.453515,0.453515,0.453515,0.453515,0.453515
4923823.824,0.433033,0.433033,0.433033,0.433033,0.433033,0.433033,0.433033,0.433033,0.433033,0.433033,0.433033
4931731.732,0.414081,0.414081,0.414081,0.414081,0.414081,0.414081,0.414081,0.414081,0.414081,0.414081,0.414081
4939639.64,0.39653,0.39653,0.39653,0.39653,0.39653,0.39653,0.39653,0.39653,0.39653,0.39653,0.39653
4947547.548,0.380257,0.380257,0.380257,0.380257,0.380257,0.380257,0.380257,0.380257,0.380257,0.380257,0.380257
4955455.455,0.36515,0.36515,0.36515,0.36515,0.36515,0.36515,0.36515,0.36515,0.36515,0.36515,0.36515
4963363.363,0.351104,0.351104,0.351104,0.351104,0.351104,0.351104,0.351104,0.351104,0.351104,0.351104,0.351104
4971271.271,0.338024,0.338024,0.338024,0.338024,0.338024,0.338024,0.338024,0.338024,0.338024,0.338024,0.338024
4979179.179,0.325824,0.325824,0.325824,0.325824,0.325824,0.325824,0.325824,0.325824,0.325824,0.325824,0.325824
4987087.087,0.314426,0.314426,0.314426,0.314426,0.314426,0.314426,0.314426,0.314426,0.314426,0.314426,0.314426
4994994.995,0.303761,0.303761,0.303761,0.303761,0.303761,0.303761,0.303761,0.303761,0.303761,0.303761,0.303761
5002902.903,0.293765,0.293765,0.293765,0.293765,0.293765,0.293765,0.293765,0.293765,0.293765,0.293765,0.293765
5010810.811,0.284381,0.284381,0.284381,0.284381,0.284381,0.284381,0.284381,0.284381,0.284381,0.284381,0.284381
5018718.719,0.275558,0.275558,0.275558,0.275558,0.275558,0.275558,0.275558,0.275558,0.275558,0.275558,0.275558
5026626.627,0.267251,0.267251,0.267251,0.267251,0.267251,0.267251,0.267251,0.267251,0.267251,0.267251,0.267251
5034534.535,0.259417,0.259417,0.259417,0.259417,0.259417,0.259417,0.259417,0.259417,0.259417,0.259417,0.259417
5042442.442,0.25202,0.25202,0.25202,0.25202,0.25202,0.25202,0.25202,0.25202,0.25202,0.25202,0.25202
5050350.35,0.245026,0.245026,0.245026,0.245026,0.245026,0.245026,0.245026,0.245026,0.245026,0.245026,0.245026
5058258.258,0.238404,0.238404,0.238404,0.238404,0.238404,0.238404,0.238404,0.238404,0.238404,0.238404,0.238404
5066166.166,0.232125,0.232125,0.232125,0.232125,0.232125,0.232125,0.232125,0.232125,0.232125,0.232125,0.232125
5074074.074,0.226166,0.226166,0.226166,0.226166,0.226166,0.226166,0.226166,0.226166,0.226166,0.226166,0.226166
5081981.982,0.220504,0.220504,0.220504,0.220504,0.220504,0.220504,0.220504,0.220504,0.220504,0.220504,0.220504
5089889.89,0.215116,0.215116,0.215116,0.215116,0.215116,0.215116,0.215116,0.215116,0.215116,0.215116,0.215116
5097797.798,0.209985,0.209985,0.209985,0.209985,0.209985,0.209985,0.209985,0.209985,0.209985,0.209985,0.209985
5105705.706,0.205093,0.205093,0.205093,0.205093,0.205093,0.205093,0.205093,0.205093,0.205093,0.205093,0.205093
5113613.614,0.200424,0.200424,0.200424,0.200424,0.200424,0.200424,0.200424,0.200424,0.200424,0.200424,0.200424
5121521.522,0.195963,0.195963,0.195963,0.195963,0.195963,0.195963,0.195963,0.195963,0.195963,0.195963,0.195963
5129429.429,0.191698,0.191698,0.191698,0.191698,0.191698,0.191698,0.191698,0.191698,0.191698,0.191698,0.191698
5137337.337,0.187616,0.187616,0.187616,0.187616,0.187616,0.187616,0.187616,0.187616,0.187616,0.187616,0.187616
5145245.245,0.183706,0.183706,0.183706,0.183706,0.183706,0.183706,0.183706,0.183706,0.183706,0.183706,0.183706
5153153.153,0.179957,0.179957,0.179957,0.179957,0.179957,0.179957,0.179957,0.179957,0.179957,0.179957,0.179957
5161061.061,0.17636,0.17636,0.17636,0.17636,0.17636,0.17636,0.17636,0.17636,0.17636,0.17636,0.17636
5168968.969,0.172906,0.172906,0.172906,0.172906,0.172906,0.172906,0.172906,0.172906,0.172906,0.172906,0.172906
5176876.877,0.169586,0.169586,0.169586,0.169586,0.169586,0.169586,0.169586,0.169586,0.169586,0.169586,0.169586
5184784.785,0.166394,0.166394,0.166394,0.166394,0.166394,0.166394,0.166394,0.166394,0.166394,0.166394,0.166394
5192692.693,0.163322,0.163322,0.163322,0.163322,0.163322,0.163322,0.163322,0.163322,0.163322,0.163322,0.163322
5200600.601,0.160363,0.160363,0.160363,0.160363,0.160363,0.160363,0.160363,0.160363,0.160363,0.160363,0.160363
5208508.509,0.157511,0.157511,0.157511,0.157511,0.157511,0.157511,0.157511,0.157511,0.157511,0.157511,0.157511
5216416.416,0.154762,0.154762,0.154762,0.154762,0.154762,0.154762,0.154762,0.154762,0.154762,0.154762,0.154762
5224324.324,0.152109,0.152109,0.152109,0.152109,0.152109,0.152109,0.152109,0.152109,0.152109,0.152109,0.152109
5232232.232,0.149547,0.149547,0.149547,0.149547,0.149547,0.149547,0.149547,0.149547,0.149547,0.149547,0.149547
5240140.14,0.147073,0.147073,0.147073,0.147073,0.147073,0.147073,0.147073,0.147073,0.147073,0.147073,0.147073
5248048.048,0.144681,0.144681,0.144681,0.144681,0.144681,0.144681,0.144681,0.144681,0.144681,0.144681,0.144681
5255955.956,0.142367,0.142367,0.142367,0.142367,0.142367,0.142367,0.142367,0.142367,0.142367,0.142367,0.142367
5263863.864,0.140129,0.140129,0.140129,0.140129,0.140129,0.140129,0.140129,0.140129,0.140129,0.140129,0.140129
5271771.772,0.137962,0.137962,0.137962,0.137962,0.137962,0.137962,0.137962,0.137962,0.137962,0.137962,0.137962
5279679.68,0.135863,0.135863,0.135863,0.135863,0.135863,0.135863,0.135863,0.135863,0.135863,0.135863,0.135863
5287587.588,0.133829,0.133829,0.133829,0.133829,0.133829,0.133829,0.133829,0.133829,0.133829,0.133829,0.133829
5295495.495,0.131856,0.131856,0.131856,0.131856,0.131856,0.131856,0.131856,0.131856,0.131856,0.131856,0.131856
5303403.403,0.129943,0.129943,0.129943,0.129943,0.129943,0.129943,0.129943,0.129943,0.129943,0.129943,0.129943
5311311.311,0.128087,0.128087,0.128087,0.128087,0.128087,0.128087,0.128087,0.128087,0.128087,0.128087,0.128087
5319219.219,0.126284,0.126284,0.126284,0.126284,0.126284,0.126284,0.126284,0.126284,0.126284,0.126284,0.126284
5327127.127,0.124533,0.124533,0.124533,0.124533,0.124533,0.124533,0.124533,0.124533,0.124533,0.124533,0.124533
5335035.035,0.122832,0.122832,0.122832,0.122832,0.122832,0.122832,0.122832,0.122832,0.122832,0.122832,0.122832
5342942.943,0.121179,0.121179,0.121179,0.121179,0.121179,0.121179,0.121179,0.121179,0.121179,0.121179,0.121179
5350850.851,0.119571,0.119571,0.119571,0.119571,0.119571,0.119571,0.119571,0.119571,0.119571,0.119571,0.119571
5358758.759,0.118007,0.118007,0.118007,0.118007,0.118007,0.118007,0.118007,0.118007,0.118007,0.118007,0.118007
5366666.667,0.116485,0.116485,0.116485,0.116485,0.116485,0.116485,0.116485,0.116485,0.116485,0.116485,0.116485
5374574.575,0.115003,0.115003,0.115003,0.115003,0.115003,0.115003,0.115003,0.115003,0.115003,0.115003,0.115003
5382482.482,0.11356,0.11356,0.11356,0.11356,0.11356,0.11356,0.11356,0.11356,0.11356,0.11356,0.11356
5390390.39,0.112155,0.112155,0.112155,0.112155,0.112155,0.112155,0.112155,0.112155,0.112155,0.112155,0.112155
5398298.298,0.110785,0.110785,0.110785,0.110785,0.110785,0.110785,0.110785,0.110785,0.110785,0.110785,0.110785
5406206.206,0.109449,0.109449,0.109449,0.109449,0.109449,0.109449,0.109449,0.109449,0.109449,0.109449,0.109449
5414114.114,0.108147,0.108147,0.108147,0.108147,0.108147,0.108147,0.108147,0.108147,0.108147,0.108147,0.108147
5422022.022,0.106877,0.106877,0.106877,0.106877,0.106877,0.106877,0.106877,0.106877,0.106877,0.106877,0.106877
5429929.93,0.105638,0.105638,0.105638,0.105638,0.105638,0.105638,0.105638,0.105638,0.105638,0.105638,0.105638
5437837.838,0.104428,0.104428,0.104428,0.104428,0.104428,0.104428,0.104428,0.104428,0.104428,0.104428,0.104428
5445745.746,0.103247,0.103247,0.103247,0.103247,0.103247,0.103247,0.103247,0.103247,0.103247,0.103247,0.103247
5453653.654,0.102094,0.102094,0.102094,0.102094,0.102094,0.102094,0.102094,0.102094,0.102094,0.102094,0.102094
5461561.562,0.100967,0.100967,0.100967,0.100967,0.100967,0.100967,0.100967,0.100967,0.100967,0.100967,0.100967
5469469.469,0.0998666,0.0998666,0.0998666,0.0998666,0.0998666,0.0998666,0.0998666,0.0998666,0.0998666,0.0998666,0.0998666
5477377.377,0.0987908,0.0987908,0.0987908,0.0987908,0.0987908,0.0987908,0.0987908,0.0987908,0.0987908,0.0987908,0.0987908
5485285.285,0.0977391,0.0977391,0.0977391,0.0977391,0.0977391,0.0977391,0.0977391,0.0977391,0.0977391,0.0977391,0.0977391
5493193.193,0.0967107,0.0967107,0.0967107,0.0967107,0.0967107,0.0967107,0.0967107,0.0967107,0.0967107,0.0967107,0.0967107
5501101.101,0.0957048,0.0957048,0.0957048,0.0957048,0.0957048,0.0957048,0.0957048,0.0957048,0.0957048,0.0957048,0.0957048
5509009.009,0.0947207,0.0947207,0.0947207,0.0947207,0.0947207,0.0947207,0.0947207,0.0947207,0.0947207,0.0947207,0.0947207
5516916.917,0.0937577,0.0937577,0.0937577,0.0937577,0.0937577,0.0937577,0.0937577,0.0937577,0.0937577,0.0937577,0.0937577
5524824.825,0.0928151,0.0928151,0.0928151,0.0928151,0.0928151,0.0928151,0.0928151,0.0928151,0.0928151,0.0928151,0.0928151
5532732.733,0.0918923,0.0918923,0.0918923,0.0918923,0.0918923,0.0918923,0.0918923,0.0918923,0.0918923,0.0918923,0.0918923
5540640.641,0.0909887,0.0909887,0.0909887,0.0909887,0.0909887,0.0909887,0.0909887,0.0909887,0.0909887,0.0909887,0.0909887
5548548.549,0.0901036,0.0901036,0.0901036,0.0901036,0.0901036,0.0901036,0.0901036,0.0901036,0.0901036,0.0901036,0.0901036
5556456.456,0.0892366,0.0892366,0.0892366,0.0892366,0.0892366,0.0892366,0.0892366,0.0892366,0.0892366,0.0892366,0.0892366
5564364.364,0.088387,0.088387,0.088387,0.088387,0.088387,0.088387,0.088387,0.088387,0.088387,0.088387,0.088387
5572272.272,0.0875544,0.0875544,0.0875544,0.0875544,0.0875544,0.0875544,0.0875544,0.0875544,0.0875544,0.0875544,0.0875544
5580180.18,0.0867382,0.0867382,0.0867382,0.0867382,0.0867382,0.0867382,0.0867382,0.0867382,0.0867382,0.0867382,0.0867382
5588088.088,0.0859379,0.0859379,0.0859379,0.0859379,0.0859379,0.0859379,0.0859379,0.0859379,0.0859379,0.0859379,0.0859379
5595995.996,0.0851532,0.0851532,0.0851532,0.0851532,0.0851532,0.0851532,0.0851532,0.0851532,0.0851532,0.0851532,0.0851532
5603903.904,0.0843835,0.0843835,0.0843835,0.0843835,0.0843835,0.0843835,0.0843835,0.0843835,0.0843835,0.0843835,0.0843835
5611811.812,0.0836284,0.0836284,0.0836284,0.0836284,0.0836284,0.0836284,0.0836284,0.0836284,0.0836284,0.0836284,0.0836284
5619719.72,0.0828875,0.0828875,0.0828875,0.0828875,0.0828875,0.0828875,0.0828875,0.0828875,0.0828875,0.0828875,0.0828875
5627627.628,0.0821605,0.0821605,0.0821605,0.0821605,0.0821605,0.0821605,0.0821605,0.0821605,0.0821605,0.0821605,0.0821605
5635535.536,0.0814468,0.0814468,0.0814468,0.0814468,0.0814468,0.0814468,0.0814468,0.0814468,0.0814468,0.0814468,0.0814468
5643443.443,0.0807462,0.0807462,0.0807462,0.0807462,0.0807462,0.0807462,0.0807462,0.0807462,0.0807462,0.0807462,0.0807462
5651351.351,0.0800584,0.0800584,0.0800584,0.0800584,0.0800584,0.0800584,0.0800584,0.0800584,0.0800584,0.0800584,0.0800584
5659259.259,0.0793828,0.0793828,0.0793828,0.0793828,0.0793828,0.0793828,0.0793828,0.0793828,0.0793828,0.0793828,0.0793828
5667167.167,0.0787193,0.0787193,0.0787193,0.0787193,0.0787193,0.0787193,0.0787193,0.0787193,0.0787193,0.0787193,0.0787193
5675075.075,0.0780676,0.0780676,0.0780676,0.0780676,0.0780676,0.0780676,0.0780676,0.0780676,0.0780676,0.0780676,0.0780676
5682982.983,0.0774272,0.0774272,0.0774272,0.0774272,0.0774272,0.0774272,0.0774272,0.0774272,0.0774272,0.0774272,0.0774272
5690890.891,0.0767979,0.0767979,0.0767979,0.0767979,0.0767979,0.0767979,0.0767979,0.0767979,0.0767979,0.0767979,0.0767979
5698798.799,0.0761794,0.0761794,0.0761794,0.0761794,0.0761794,0.0761794,0.0761794,0.0761794,0.0761794,0.0761794,0.0761794
5706706.707,0.0755715,0.0755715,0.0755715,0.0755715,0.0755715,0.0755715,0.0755715,0.0755715,0.0755715,0.0755715,0.0755715
5714614.615,0.0749738,0.0749738,0.0749738,0.0749738,0.0749738,0.0749738,0.0749738,0.0749738,0.0749738,0.0749738,0.0749738
5722522.523,0.0743862,0.0743862,0.0743862,0.0743862,0.0743862,0.0743862,0.0743862,0.0743862,0.0743862,0.0743862,0.0743862
5730430.43,0.0738083,0.0738083,0.0738083,0.0738083,0.0738083,0.0738083,0.0738083,0.0738083,0.0738083,0.0738083,0.0738083
5738338.338,0.0732399,0.0732399,0.0732399,0.0732399,0.0732399,0.0732399,0.0732399,0.0732399,0.0732399,0.0732399,0.0732399
5746246.246,0.0726808,0.0726808,0.0726808,0.0726808,0.0726808,0.0726808,0.0726808,0.0726808,0.0726808,0.0726808,0.0726808
5754154.154,0.0721308,0.0721308,0.0721308,0.0721308,0.0721308,0.0721308,0.0721308,0.0721308,0.0721308,0.0721308,0.0721308
5762062.062,0.0715896,0.0715896,0.0715896,0.0715896,0.0715896,0.0715896,0.0715896,0.0715896,0.0715896,0.0715896,0.0715896
5769969.97,0.0710571,0.0710571,0.0710571,0.0710571,0.0710571,0.0710571,0.0710571,0.0710571,0.0710571,0.0710571,0.0710571
5777877.878,0.0705329,0.0705329,0.0705329,0.0705329,0.0705329,0.0705329,0.0705329,0.0705329,0.0705329,0.0705329,0.0705329
5785785.786,0.070017,0.070017,0.070017,0.070017,0.070017,0.070017,0.070017,0.070017,0.070017,0.070017,0.070017
5793693.694,0.0695091,0.0695091,0.0695091,0.0695091,0.0695091,0.0695091,0.0695091,0.0695091,0.0695091,0.0695091,0.0695091
5801601.602,0.0690091,0.0690091,0.0690091,0.0690091,0.0690091,0.0690091,0.0690091,0.0690091,0.0690091,0.0690091,0.0690091
5809509.51,0.0685167,0.0685167,0.0685167,0.0685167,0.0685167,0.0685167,0.0685167,0.0685167,0.0685167,0.0685167,0.0685167
5817417.417,0.0680318,0.0680318,0.0680318,0.0680318,0.0680318,0.0680318,0.0680318,0.0680318,0.0680318,0.0680318,0.0680318
5825325.325,0.0675543,0.0675543,0.0675543,0.0675543,0.0675543,0.0675543,0.0675543,0.0675543,0.0675543,0.0675543,0.0675543
5833233.233,0.0670838,0.0670838,0.0670838,0.0670838,0.0670838,0.0670838,0.0670838,0.0670838,0.0670838,0.0670838,0.0670838
5841141.141,0.0666204,0.0666204,0.0666204,0.0666204,0.0666204,0.0666204,0.0666204,0.0666204,0.0666204,0.0666204,0.0666204
5849049.049,0.0661638,0.0661638,0.0661638,0.0661638,0.0661638,0.0661638,0.0661638,0.0661638,0.0661638,0.0661638,0.0661638
5856956.957,0.0657139,0.0657139,0.0657139,0.0657139,0.0657139,0.0657139,0.0657139,0.0657139,0.0657139,0.0657139,0.0657139
5864864.865,0.0652705,0.0652705,0.0652705,0.0652705,0.0652705,0.0652705,0.0652705,0.0652705,0.0652705,0.0652705,0.0652705
5872772.773,0.0648335,0.0648335,0.0648335,0.0648335,0.0648335,0.0648335,0.0648335,0.0648335,0.0648335,0.0648335,0.0648335
5880680.681,0.0644028,0.0644028,0.0644028,0.0644028,0.0644028,0.0644028,0.0644028,0.0644028,0.0644028,0.0644028,0.0644028
5888588.589,0.0639782,0.0639782,0.0639782,0.0639782,0.0639782,0.0639782,0.0639782,0.0639782,0.0639782,0.0639782,0.0639782
5896496.496,0.0635596,0.0635596,0.0635596,0.0635596,0.0635596,0.0635596,0.0635596,0.0635596,0.0635596,0.0635596,0.0635596
5904404.404,0.0631469,0.0631469,0.0631469,0.0631469,0.0631469,0.0631469,0.0631469,0.0631469,0.0631469,0.0631469,0.0631469
5912312.312,0.0627399,0.0627399,0.0627399,0.0627399,0.0627399,0.0627399,0.0627399,0.0627399,0.0627399,0.0627399,0.0627399
5920220.22,0.0623385,0.0623385,0.0623385,0.0623385,0.0623385,0.0623385,0.0623385,0.0623385,0.0623385,0.0623385,0.0623385
5928128.128,0.0619426,0.0619426,0.0619426,0.0619426,0.0619426,0.0619426,0.0619426,0.0619426,0.0619426,0.0619426,0.0619426
5936036.036,0.0615521,0.0615521,0.0615521,0.0615521,0.0615521,0.0615521,0.0615521,0.0615521,0.0615521,0.0615521,0.0615521
5943943.944,0.0611669,0.0611669,0.0611669,0.0611669,0.0611669,0.0611669,0.0611669,0.0611669,0.0611669,0.0611669,0.0611669
5951851.852,0.0607869,0.0607869,0.0607869,0.0607869,0.0607869,0.0607869,0.0607869,0.0607869,0.0607869,0.0607869,0.0607869
5959759.76,0.060412,0.060412,0.060412,0.060412,0.060412,0.060412,0.060412,0.060412,0.060412,0.060412,0.060412
5967667.668,0.060042,0.060042,0.060042,0.060042,0.060042,0.060042,0.060042,0.060042,0.060042,0.060042,0.060042
5975575.576,0.0596769,0.0596769,0.0596769,0.0596769,0.0596769,0.0596769,0.0596769,0.0596769,0.0596769,0.0596769,0.0596769
5983483.483,0.0593166,0.0593166,0.0593166,0.0593166,0.0593166,0.0593166,0.0593166,0.0593166,0.0593166,0.0593166,0.0593166
5991391.391,0.0589609,0.0589609,0.0589609,0.0589609,0.0589609,0.0589609,0.0589609,0.0589609,0.0589609,0.0589609,0.0589609
5999299.299,0.0586099,0.0586099,0.0586099,0.0586099,0.0586099,0.0586099,0.0586099,0.0586099,0.0586099,0.0586099,0.0586099
6007207.207,0.0582633,0.0582633,0.0582633,0.0582633,0.0582633,0.0582633,0.0582633,0.0582633,0.0582633,0.0582633,0.0582633
6015115.115,0.0579212,0.0579212,0.0579212,0.0579212,0.0579212,0.0579212,0.0579212,0.0579212,0.0579212,0.0579212,0.0579212
6023023.023,0.0575833,0.0575833,0.0575833,0.0575833,0.0575833,0.0575833,0.0575833,0.0575833,0.0575833,0.0575833,0.0575833
6030930.931,0.0572498,0.0572498,0.0572498,0.0572498,0.0572498,0.0572498,0.0572498,0.0572498,0.0572498,0.0572498,0.0572498
6038838.839,0.0569204,0.0569204,0.0569204,0.0569204,0.0569204,0.0569204,0.0569204,0.0569204,0.0569204,0.0569204,0.0569204
6046746.747,0.0565951,0.0565951,0.0565951,0.0565951,0.0565951,0.0565951,0.0565951,0.0565951,0.0565951,0.0565951,0.0565951
6054654.655,0.0562738,0.0562738,0.0562738,0.0562738,0.0562738,0.0562738,0.0562738,0.0562738,0.0562738,0.0562738,0.0562738
6062562.563,0.0559564,0.0559564,0.0559564,0.0559564,0.0559564,0.0559564,0.0559564,0.0559564,0.0559564,0.0559564,0.0559564
6070470.47,0.0556429,0.0556429,0.0556429,0.0556429,0.0556429,0.0556429,0.0556429,0.0556429,0.0556429,0.0556429,0.0556429
6078378.378,0.0553332,0.0553332,0.0553332,0.0553332,0.0553332,0.0553332,0.0553332,0.0553332,0.0553332,0.0553332,0.0553332
6086286.286,0.0550272,0.0550272,0.0550272,0.0550272,0.0550272,0.0550272,0.0550272,0.0550272,0.0550272,0.0550272,0.0550272
6094194.194,0.0547249,0.0547249,0.0547249,0.0547249,0.0547249,0.0547249,0.0547249,0.0547249,0.0547249,0.0547249,0.0547249
6102102.102,0.0544262,0.0544262,0.0544262,0.0544262,0.0544262,0.0544262,0.0544262,0.0544262,0.0544262,0.0544262,0.0544262
6110010.01,0.054131,0.054131,0.054131,0.054131,0.054131,0.054131,0.054131,0.054131,0.054131,0.054131,0.054131
6117917.918,0.0538392,0.0538392,0.0538392,0.0538392,0.0538392,0.0538392,0.0538392,0.0538392,0.0538392,0.0538392,0.0538392
6125825.826,0.0535509,0.0535509,0.0535509,0.0535509,0.0535509,0.0535509,0.0535509,0.0535509,0.0535509,0.0535509,0.0535509
6133733.734,0.0532659,0.0532659,0.0532659,0.0532659,0.0532659,0.0532659,0.0532659,0.0532659,0.0532659,0.0532659,0.0532659
6141641.642,0.0529842,0.0529842,0.0529842,0.0529842,0.0529842,0.0529842,0.0529842,0.0529842,0.0529842,0.0529842,0.0529842
6149549.55,0.0527057,0.0527057,0.0527057,0.0527057,0.0527057,0.0527057,0.0527057,0.0527057,0.0527057,0.0527057,0.0527057
6157457.457,0.0524304,0.0524304,0.0524304,0.0524304,0.0524304,0.0524304,0.0524304,0.0524304,0.0524304,0.0524304,0.0524304
6165365.365,0.0521583,0.0521583,0.0521583,0.0521583,0.0521583,0.0521583,0.0521583,0.0521583,0.0521583,0.0521583,0.0521583
6173273.273,0.0518891,0.0518891,0.0518891,0.0518891,0.0518891,0.0518891,0.0518891,0.0518891,0.0518891,0.0518891,0.0518891
6181181.181,0.051623,0.051623,0.051623,0.051623,0.051623,0.051623,0.051623,0.051623,0.051623,0.051623,0.051623
6189089.089,0.0513599,0.0513599,0.0513599,0.0513599,0.0513599,0.0513599,0.0513599,0.0513599,0.0513599,0.0513599,0.0513599
6196996.997,0.0510997,0.0510997,0.0510997,0.0510997,0.0510997,0.0510997,0.0510997,0.0510997,0.0510997,0.0510997,0.0510997
6204904.905,0.0508423,0.0508423,0.0508423,0.0508423,0.0508423,0.0508423,0.0508423,0.0508423,0.0508423,0.0508423,0.0508423
6212812.813,0.0505878,0.0505878,0.0505878,0.0505878,0.0505878,0.0505878,0.0505878,0.0505878,0.0505878,0.0505878,0.0505878
6220720.721,0.050336,0.050336,0.050336,0.050336,0.050336,0.050336,0.050336,0.050336,0.050336,0.050336,0.050336
6228628.629,0.0500869,0.0500869,0.0500869,0.0500869,0.0500869,0.0500869,0.0500869,0.0500869,0.0500869,0.0500869,0.0500869
6236536.537,0.0498406,0.0498406,0.0498406,0.0498406,0.0498406,0.0498406,0.0498406,0.0498406,0.0498406,0.0498406,0.0498406
6244444.444,0.0495968,0.0495968,0.0495968,0.0495968,0.0495968,0.0495968,0.0495968,0.0495968,0.0495968,0.0495968,0.0495968
6252352.352,0.0493557,0.0493557,0.0493557,0.0493557,0.0493557,0.0493557,0.0493557,0.0493557,0.0493557,0.0493557,0.0493557
6260260.26,0.0491171,0.0491171,0.0491171,0.0491171,0.0491171,0.0491171,0.0491171,0.0491171,0.0491171,0.0491171,0.0491171
6268168.168,0.048881,0.048881,0.048881,0.048881,0.048881,0.048881,0.048881,0.048881,0.048881,0.048881,0.048881
6276076.076,0.0486474,0.0486474,0.0486474,0.0486474,0.0486474,0.0486474,0.0486474,0.0486474,0.0486474,0.0486474,0.0486474
6283983.984,0.0484163,0.0484163,0.0484163,0.0484163,0.0484163,0.0484163,0.0484163,0.0484163,0.0484163,0.0484163,0.0484163
6291891.892,0.0481875,0.0481875,0.0481875,0.0481875,0.0481875,0.0481875,0.0481875,0.0481875,0.0481875,0.0481875,0.0481875
6299799.8,0.0479611,0.0479611,0.0479611,0.0479611,0.0479611,0.0479611,0.0479611,0.0479611,0.0479611,0.0479611,0.0479611
6307707.708,0.047737,0.047737,0.047737,0.047737,0.047737,0.047737,0.047737,0.047737,0.047737,0.047737,0.047737
6315615.616,0.0475151,0.0475151,0.0475151,0.0475151,0.0475151,0.0475151,0.0475151,0.0475151,0.0475151,0.0475151,0.0475151
6323523.524,0.0472956,0.0472956,0.0472956,0.0472956,0.0472956,0.0472956,0.0472956,0.0472956,0.0472956,0.0472956,0.0472956
6331431.431,0.0470782,0.0470782,0.0470782,0.0470782,0.0470782,0.0470782,0.0470782,0.0470782,0.0470782,0.0470782,0.0470782
6339339.339,0.046863,0.046863,0.046863,0.046863,0.046863,0.046863,0.046863,0.046863,0.046863,0.046863,0.046863
6347247.247,0.04665,0.04665,0.04665,0.04665,0.04665,0.04665,0.04665,0.04665,0.04665,0.04665,0.04665
6355155.155,0.0464391,0.0464391,0.0464391,0.0464391,0.0464391,0.0464391,0.0464391,0.0464391,0.0464391,0.0464391,0.0464391
6363063.063,0.0462303,0.0462303,0.0462303,0.0462303,0.0462303,0.0462303,0.0462303,0.0462303,0.0462303,0.0462303,0.0462303
6370970.971,0.0460235,0.0460235,0.0460235,0.0460235,0.0460235,0.0460235,0.0460235,0.0460235,0.0460235,0.0460235,0.0460235
6378878.879,0.0458188,0.0458188,0.0458188,0.0458188,0.0458188,0.0458188,0.0458188,0.0458188,0.0458188,0.0458188,0.0458188
6386786.787,0.045616,0.045616,0.045616,0.045616,0.045616,0.045616,0.045616,0.045616,0.045616,0.045616,0.045616
6394694.695,0.0454152,0.0454152,0.0454152,0.0454152,0.0454152,0.0454152,0.0454152,0.0454152,0.0454152,0.0454152,0.0454152
6402602.603,0.0452163,0.0452163,0.0452163,0.0452163,0.0452163,0.0452163,0.0452163,0.0452163,0.0452163,0.0452163,0.0452163
6410510.511,0.0450194,0.0450194,0.0450194,0.0450194,0.0450194,0.0450194,0.0450194,0.0450194,0.0450194,0.0450194,0.0450194
6418418.418,0.0448243,0.0448243,0.0448243,0.0448243,0.0448243,0.0448243,0.0448243,0.0448243,0.0448243,0.0448243,0.0448243
6426326.326,0.0446311,0.0446311,0.0446311,0.0446311,0.0446311,0.0446311,0.0446311,0.0446311,0.0446311,0.0446311,0.0446311
6434234.234,0.0444397,0.0444397,0.0444397,0.0444397,0.0444397,0.0444397,0.0444397,0.0444397,0.0444397,0.0444397,0.0444397
6442142.142,0.0442501,0.0442501,0.0442501,0.0442501,0.0442501,0.0442501,0.0442501,0.0442501,0.0442501,0.0442501,0.0442501
6450050.05,0.0440622,0.0440622,0.0440622,0.0440622,0.0440622,0.0440622,0.0440622,0.0440622,0.0440622,0.0440622,0.0440622
6457957.958,0.0438761,0.0438761,0.0438761,0.0438761,0.0438761,0.0438761,0.0438761,0.0438761,0.0438761,0.0438761,0.0438761
6465865.866,0.0436918,0.0436918,0.0436918,0.0436918,0.0436918,0.0436918,0.0436918,0.0436918,0.0436918,0.0436918,0.0436918
6473773.774,0.0435091,0.0435091,0.0435091,0.0435091,0.0435091,0.0435091,0.0435091,0.0435091,0.0435091,0.0435091,0.0435091
6481681.682,0.0433281,0.0433281,0.0433281,0.0433281,0.0433281,0.0433281,0.0433281,0.0433281,0.0433281,0.0433281,0.0433281
6489589.59,0.0431488,0.0431488,0.0431488,0.0431488,0.0431488,0.0431488,0.0431488,0.0431488,0.0431488,0.0431488,0.0431488
6497497.497,0.0429711,0.0429711,0.0429711,0.0429711,0.0429711,0.0429711,0.0429711,0.0429711,0.0429711,0.0429711,0.0429711
6505405.405,0.042795,0.042795,0.042795,0.042795,0.042795,0.042795,0.042795,0.042795,0.042795,0.042795,0.042795
6513313.313,0.0426205,0.0426205,0.0426205,0.0426205,0.0426205,0.0426205,0.0426205,0.0426205,0.0426205,0.0426205,0.0426205
6521221.221,0.0424475,0.0424475,0.0424475,0.0424475,0.0424475,0.0424475,0.0424475,0.0424475,0.0424475,0.0424475,0.0424475
6529129.129,0.0422761,0.0422761,0.0422761,0.0422761,0.0422761,0.0422761,0.0422761,0.0422761,0.0422761,0.0422761,0.0422761
6537037.037,0.0421062,0.0421062,0.0421062,0.0421062,0.0421062,0.0421062,0.0421062,0.0421062,0.0421062,0.0421062,0.0421062
6544944.945,0.0419378,0.0419378,0.0419378,0.0419378,0.0419378,0.0419378,0.0419378,0.0419378,0.0419378,0.0419378,0.0419378
6552852.853,0.0417709,0.0417709,0.0417709,0.0417709,0.0417709,0.0417709,0.0417709,0.0417709,0.0417709,0.0417709,0.0417709
6560760.761,0.0416055,0.0416055,0.0416055,0.0416055,0.0416055,0.0416055,0.0416055,0.0416055,0.0416055,0.0416055,0.0416055
6568668.669,0.0414415,0.0414415,0.0414415,0.0414415,0.0414415,0.0414415,0.0414415,0.0414415,0.0414415,0.0414415,0.0414415
6576576.577,0.0412789,0.0412789,0.0412789,0.0412789,0.0412789,0.0412789,0.0412789,0.0412789,0.0412789,0.0412789,0.0412789
6584484.484,0.0411177,0.0411177,0.0411177,0.0411177,0.0411177,0.0411177,0.0411177,0.0411177,0.0411177,0.0411177,0.0411177
6592392.392,0.0409579,0.0409579,0.0409579,0.0409579,0.0409579,0.0409579,0.0409579,0.0409579,0.0409579,0.0409579,0.0409579
6600300.3,0.0407995,0.0407995,0.0407995,0.0407995,0.0407995,0.0407995,0.0407995,0.0407995,0.0407995,0.0407995,0.0407995
6608208.208,0.0406424,0.0406424,0.0406424,0.0406424,0.0406424,0.0406424,0.0406424,0.0406424,0.0406424,0.0406424,0.0406424
6616116.116,0.0404866,0.0404866,0.0404866,0.0404866,0.0404866,0.0404866,0.0404866,0.0404866,0.0404866,0.0404866,0.0404866
6624024.024,0.0403322,0.0403322,0.0403322,0.0403322,0.0403322,0.0403322,0.0403322,0.0403322,0.0403322,0.0403322,0.0403322
6631931.932,0.0401791,0.0401791,0.0401791,0.0401791,0.0401791,0.0401791,0.0401791,0.0401791,0.0401791,0.0401791,0.0401791
6639839.84,0.0400272,0.0400272,0.0400272,0.0400272,0.0400272,0.0400272,0.0400272,0.0400272,0.0400272,0.0400272,0.0400272
6647747.748,0.0398766,0.0398766,0.0398766,0.0398766,0.0398766,0.0398766,0.0398766,0.0398766,0.0398766,0.0398766,0.0398766
6655655.656,0.0397273,0.0397273,0.0397273,0.0397273,0.0397273,0.0397273,0.0397273,0.0397273,0.0397273,0.0397273,0.0397273
6663563.564,0.0395792,0.0395792,0.0395792,0.0395792,0.0395792,0.0395792,0.0395792,0.0395792,0.0395792,0.0395792,0.0395792
6671471.471,0.0394323,0.0394323,0.0394323,0.0394323,0.0394323,0.0394323,0.0394323,0.0394323,0.0394323,0.0394323,0.0394323
6679379.379,0.0392866,0.0392866,0.0392866,0.0392866,0.0392866,0.0392866,0.0392866,0.0392866,0.0392866,0.0392866,0.0392866
6687287.287,0.0391421,0.0391421,0.0391421,0.0391421,0.0391421,0.0391421,0.0391421,0.0391421,0.0391421,0.0391421,0.0391421
6695195.195,0.0389987,0.0389987,0.0389987,0.0389987,0.0389987,0.0389987,0.0389987,0.0389987,0.0389987,0.0389987,0.0389987
6703103.103,0.0388566,0.0388566,0.0388566,0.0388566,0.0388566,0.0388566,0.0388566,0.0388566,0.0388566,0.0388566,0.0388566
6711011.011,0.0387155,0.0387155,0.0387155,0.0387155,0.0387155,0.0387155,0.0387155,0.0387155,0.0387155,0.0387155,0.0387155
6718918.919,0.0385756,0.0385756,0.0385756,0.0385756,0.0385756,0.0385756,0.0385756,0.0385756,0.0385756,0.0385756,0.0385756
6726826.827,0.0384369,0.0384369,0.0384369,0.0384369,0.0384369,0.0384369,0.0384369,0.0384369,0.0384369,0.0384369,0.0384369
6734734.735,0.0382992,0.0382992,0.0382992,0.0382992,0.0382992,0.0382992,0.0382992,0.0382992,0.0382992,0.0382992,0.0382992
6742642.643,0.0381626,0.0381626,0.0381626,0.0381626,0.0381626,0.0381626,0.0381626,0.0381626,0.0381626,0.0381626,0.0381626
6750550.551,0.0380271,0.0380271,0.0380271,0.0380271,0.0380271,0.0380271,0.0380271,0.0380271,0.0380271,0.0380271,0.0380271
6758458.458,0.0378926,0.0378926,0.0378926,0.0378926,0.0378926,0.0378926,0.0378926,0.0378926,0.0378926,0.0378926,0.0378926
6766366.366,0.0377592,0.0377592,0.0377592,0.0377592,0.0377592,0.0377592,0.0377592,0.0377592,0.0377592,0.0377592,0.0377592
6774274.274,0.0376269,0.0376269,0.0376269,0.0376269,0.0376269,0.0376269,0.0376269,0.0376269,0.0376269,0.0376269,0.0376269
6782182.182,0.0374955,0.0374955,0.0374955,0.0374955,0.0374955,0.0374955,0.0374955,0.0374955,0.0374955,0.0374955,0.0374955
6790090.09,0.0373652,0.0373652,0.0373652,0.0373652,0.0373652,0.0373652,0.0373652,0.0373652,0.0373652,0.0373652,0.0373652
6797997.998,0.0372359,0.0372359,0.0372359,0.0372359,0.0372359,0.0372359,0.0372359,0.0372359,0.0372359,0.0372359,0.0372359
6805905.906,0.0371076,0.0371076,0.0371076,0.0371076,0.0371076,0.0371076,0.0371076,0.0371076,0.0371076,0.0371076,0.0371076
6813813.814,0.0369802,0.0369802,0.0369802,0.0369802,0.0369802,0.0369802,0.0369802,0.0369802,0.0369802,0.0369802,0.0369802
6821721.722,0.0368538,0.0368538,0.0368538,0.0368538,0.0368538,0.0368538,0.0368538,0.0368538,0.0368538,0.0368538,0.0368538
6829629.63,0.0367284,0.0367284,0.0367284,0.0367284,0.0367284,0.0367284,0.0367284,0.0367284,0.0367284,0.0367284,0.0367284
6837537.538,0.0366039,0.0366039,0.0366039,0.0366039,0.0366039,0.0366039,0.0366039,0.0366039,0.0366039,0.0366039,0.0366039
6845445.445,0.0364804,0.0364804,0.0364804,0.0364804,0.0364804,0.0364804,0.0364804,0.0364804,0.0364804,0.0364804,0.0364804
6853353.353,0.0363578,0.0363578,0.0363578,0.0363578,0.0363578,0.0363578,0.0363578,0.0363578,0.0363578,0.0363578,0.0363578
6861261.261,0.0362361,0.0362361,0.0362361,0.0362361,0.0362361,0.0362361,0.0362361,0.0362361,0.0362361,0.0362361,0.0362361
6869169.169,0.0361152,0.0361152,0.0361152,0.0361152,0.0361152,0.0361152,0.0361152,0.0361152,0.0361152,0.0361152,0.0361152
6877077.077,0.0359953,0.0359953,0.0359953,0.0359953,0.0359953,0.0359953,0.0359953,0.0359953,0.0359953,0.0359953,0.0359953
6884984.985,0.0358763,0.0358763,0.0358763,0.0358763,0.0358763,0.0358763,0.0358763,0.0358763,0.0358763,0.0358763,0.0358763
6892892.893,0.0357581,0.0357581,0.0357581,0.0357581,0.0357581,0.0357581,0.0357581,0.0357581,0.0357581,0.0357581,0.0357581
6900800.801,0.0356408,0.0356408,0.0356408,0.0356408,0.0356408,0.0356408,0.0356408,0.0356408,0.0356408,0.0356408,0.0356408
6908708.709,0.0355244,0.0355244,0.0355244,0.0355244,0.0355244,0.0355244,0.0355244,0.0355244,0.0355244,0.0355244,0.0355244
6916616.617,0.0354088,0.0354088,0.0354088,0.0354088,0.0354088,0.0354088,0.0354088,0.0354088,0.0354088,0.0354088,0.0354088
6924524.525,0.035294,0.035294,0.035294,0.035294,0.035294,0.035294,0.035294,0.035294,0.035294,0.035294,0.035294
6932432.432,0.0351801,0.0351801,0.0351801,0.0351801,0.0351801,0.0351801,0.0351801,0.0351801,0.0351801,0.0351801,0.0351801
6940340.34,0.0350669,0.0350669,0.0350669,0.0350669,0.0350669,0.0350669,0.0350669,0.0350669,0.0350669,0.0350669,0.0350669
6948248.248,0.0349546,0.0349546,0.0349546,0.0349546,0.0349546,0.0349546,0.0349546,0.0349546,0.0349546,0.0349546,0.0349546
6956156.156,0.0348431,0.0348431,0.0348431,0.0348431,0.0348431,0.0348431,0.0348431,0.0348431,0.0348431,0.0348431,0.0348431
6964064.064,0.0347324,0.0347324,0.0347324,0.0347324,0.0347324,0.0347324,0.0347324,0.0347324,0.0347324,0.0347324,0.0347324
6971971.972,0.0346224,0.0346224,0.0346224,0.0346224,0.0346224,0.0346224,0.0346224,0.0346224,0.0346224,0.0346224,0.0346224
6979879.88,0.0345132,0.0345132,0.0345132,0.0345132,0.0345132,0.0345132,0.0345132,0.0345132,0.0345132,0.0345132,0.0345132
6987787.788,0.0344048,0.0344048,0.0344048,0.0344048,0.0344048,0.0344048,0.0344048,0.0344048,0.0344048,0.0344048,0.0344048
6995695.696,0.0342972,0.0342972,0.0342972,0.0342972,0.0342972,0.0342972,0.0342972,0.0342972,0.0342972,0.0342972,0.0342972
7003603.604,0.0341903,0.0341903,0.0341903,0.0341903,0.0341903,0.0341903,0.0341903,0.0341903,0.0341903,0.0341903,0.0341903
7011511.512,0.0340841,0.0340841,0.0340841,0.0340841,0.0340841,0.0340841,0.0340841,0.0340841,0.0340841,0.0340841,0.0340841
7019419.419,0.0339787,0.0339787,0.0339787,0.0339787,0.0339787,0.0339787,0.0339787,0.0339787,0.0339787,0.0339787,0.0339787
7027327.327,0.0338739,0.0338739,0.0338739,0.0338739,0.0338739,0.0338739,0.0338739,0.0338739,0.0338739,0.0338739,0.0338739
7035235.235,0.03377,0.03377,0.03377,0.03377,0.03377,0.03377,0.03377,0.03377,0.03377,0.03377,0.03377
7043143.143,0.0336667,0.0336667,0.0336667,0.0336667,0.0336667,0.0336667,0.0336667,0.0336667,0.0336667,0.0336667,0.0336667
7051051.051,0.0335641,0.0335641,0.0335641,0.0335641,0.0335641,0.0335641,0.0335641,0.0335641,0.0335641,0.0335641,0.0335641
7058958.959,0.0334622,0.0334622,0.0334622,0.0334622,0.0334622,0.0334622,0.0334622,0.0334622,0.0334622,0.0334622,0.0334622
7066866.867,0.033361,0.033361,0.033361,0.033361,0.033361,0.033361,0.033361,0.033361,0.033361,0.033361,0.033361
7074774.775,0.0332605,0.0332605,0.0332605,0.0332605,0.0332605,0.0332605,0.0332605,0.0332605,0.0332605,0.0332605,0.0332605
7082682.683,0.0331606,0.0331606,0.0331606,0.0331606,0.0331606,0.0331606,0.0331606,0.0331606,0.0331606,0.0331606,0.0331606
7090590.591,0.0330614,0.0330614,0.0330614,0.0330614,0.0330614,0.0330614,0.0330614,0.0330614,0.0330614,0.0330614,0.0330614
7098498.498,0.0329629,0.0329629,0.0329629,0.0329629,0.0329629,0.0329629,0.0329629,0.0329629,0.0329629,0.0329629,0.0329629
7106406.406,0.0328651,0.0328651,0.0328651,0.0328651,0.0328651,0.0328651,0.0328651,0.0328651,0.0328651,0.0328651,0.0328651
7114314.314,0.0327678,0.0327678,0.0327678,0.0327678,0.0327678,0.0327678,0.0327678,0.0327678,0.0327678,0.0327678,0.0327678
7122222.222,0.0326713,0.0326713,0.0326713,0.0326713,0.0326713,0.0326713,0.0326713,0.0326713,0.0326713,0.0326713,0.0326713
7130130.13,0.0325753,0.0325753,0.0325753,0.0325753,0.0325753,0.0325753,0.0325753,0.0325753,0.0325753,0.0325753,0.0325753
7138038.038,0.03248,0.03248,0.03248,0.03248,0.03248,0.03248,0.03248,0.03248,0.03248,0.03248,0.03248
7145945.946,0.0323853,0.0323853,0.0323853,0.0323853,0.0323853,0.0323853,0.0323853,0.0323853,0.0323853,0.0323853,0.0323853
7153853.854,0.0322912,0.0322912,0.0322912,0.0322912,0.0322912,0.0322912,0.0322912,0.0322912,0.0322912,0.0322912,0.0322912
7161761.762,0.0321977,0.0321977,0.0321977,0.0321977,0.0321977,0.0321977,0.0321977,0.0321977,0.0321977,0.0321977,0.0321977
7169669.67,0.0321049,0.0321049,0.0321049,0.0321049,0.0321049,0.0321049,0.0321049,0.0321049,0.0321049,0.0321049,0.0321049
7177577.578,0.0320126,0.0320126,0.0320126,0.0320126,0.0320126,0.0320126,0.0320126,0.0320126,0.0320126,0.0320126,0.0320126
7185485.485,0.0319209,0.0319209,0.0319209,0.0319209,0.0319209,0.0319209,0.0319209,0.0319209,0.0319209,0.0319209,0.0319209
7193393.393,0.0318298,0.0318298,0.0318298,0.0318298,0.0318298,0.0318298,0.0318298,0.0318298,0.0318298,0.0318298,0.0318298
7201301.301,0.0317393,0.0317393,0.0317393,0.0317393,0.0317393,0.0317393,0.0317393,0.0317393,0.0317393,0.0317393,0.0317393
7209209.209,0.0316493,0.0316493,0.0316493,0.0316493,0.0316493,0.0316493,0.0316493,0.0316493,0.0316493,0.0316493,0.0316493
7217117.117,0.0315599,0.0315599,0.0315599,0.0315599,0.0315599,0.0315599,0.0315599,0.0315599,0.0315599,0.0315599,0.0315599
7225025.025,0.0314711,0.0314711,0.0314711,0.0314711,0.0314711,0.0314711,0.0314711,0.0314711,0.0314711,0.0314711,0.0314711
7232932.933,0.0313829,0.0313829,0.0313829,0.0313829,0.0313829,0.0313829,0.0313829,0.0313829,0.0313829,0.0313829,0.0313829
7240840.841,0.0312952,0.0312952,0.0312952,0.0312952,0.0312952,0.0312952,0.0312952,0.0312952,0.0312952,0.0312952,0.0312952
7248748.749,0.031208,0.031208,0.031208,0.031208,0.031208,0.031208,0.031208,0.031208,0.031208,0.031208,0.031208
7256656.657,0.0311214,0.0311214,0.0311214,0.0311214,0.0311214,0.0311214,0.0311214,0.0311214,0.0311214,0.0311214,0.0311214
7264564.565,0.0310353,0.0310353,0.0310353,0.0310353,0.0310353,0.0310353,0.0310353,0.0310353,0.0310353,0.0310353,0.0310353
7272472.472,0.0309497,0.0309497,0.0309497,0.0309497,0.0309497,0.0309497,0.0309497,0.0309497,0.0309497,0.0309497,0.0309497
7280380.38,0.0308647,0.0308647,0.0308647,0.0308647,0.0308647,0.0308647,0.0308647,0.0308647,0.0308647,0.0308647,0.0308647
7288288.288,0.0307802,0.0307802,0.0307802,0.0307802,0.0307802,0.0307802,0.0307802,0.0307802,0.0307802,0.0307802,0.0307802
7296196.196,0.0306962,0.0306962,0.0306962,0.0306962,0.0306962,0.0306962,0.0306962,0.0306962,0.0306962,0.0306962,0.0306962
7304104.104,0.0306127,0.0306127,0.0306127,0.0306127,0.0306127,0.0306127,0.0306127,0.0306127,0.0306127,0.0306127,0.0306127
7312012.012,0.0305298,0.0305298,0.0305298,0.0305298,0.0305298,0.0305298,0.0305298,0.0305298,0.0305298,0.0305298,0.0305298
7319919.92,0.0304473,0.0304473,0.0304473,0.0304473,0.0304473,0.0304473,0.0304473,0.0304473,0.0304473,0.0304473,0.0304473
7327827.828,0.0303653,0.0303653,0.0303653,0.0303653,0.0303653,0.0303653,0.0303653,0.0303653,0.0303653,0.0303653,0.0303653
7335735.736,0.0302838,0.0302838,0.0302838,0.0302838,0.0302838,0.0302838,0.0302838,0.0302838,0.0302838,0.0302838,0.0302838
7343643.644,0.0302028,0.0302028,0.0302028,0.0302028,0.0302028,0.0302028,0.0302028,0.0302028,0.0302028,0.0302028,0.0302028
7351551.552,0.0301223,0.0301223,0.0301223,0.0301223,0.0301223,0.0301223,0.0301223,0.0301223,0.0301223,0.0301223,0.0301223
7359459.459,0.0300423,0.0300423,0.0300423,0.0300423,0.0300423,0.0300423,0.0300423,0.0300423,0.0300423,0.0300423,0.0300423
7367367.367,0.0299627,0.0299627,0.0299627,0.0299627,0.0299627,0.0299627,0.0299627,0.0299627,0.0299627,0.0299627,0.0299627
7375275.275,0.0298837,0.0298837,0.0298837,0.0298837,0.0298837,0.0298837,0.0298837,0.0298837,0.0298837,0.0298837,0.0298837
7383183.183,0.029805,0.029805,0.029805,0.029805,0.029805,0.029805,0.029805,0.029805,0.029805,0.029805,0.029805
7391091.091,0.0297269,0.0297269,0.0297269,0.0297269,0.0297269,0.0297269,0.0297269,0.0297269,0.0297269,0.0297269,0.0297269
7398998.999,0.0296492,0.0296492,0.0296492,0.0296492,0.0296492,0.0296492,0.0296492,0.0296492,0.0296492,0.0296492,0.0296492
7406906.907,0.0295719,0.0295719,0.0295719,0.0295719,0.0295719,0.0295719,0.0295719,0.0295719,0.0295719,0.0295719,0.0295719
7414814.815,0.0294951,0.0294951,0.0294951,0.0294951,0.0294951,0.0294951,0.0294951,0.0294951,0.0294951,0.0294951,0.0294951
7422722.723,0.0294188,0.0294188,0.0294188,0.0294188,0.0294188,0.0294188,0.0294188,0.0294188,0.0294188,0.0294188,0.0294188
7430630.631,0.0293429,0.0293429,0.0293429,0.0293429,0.0293429,0.0293429,0.0293429,0.0293429,0.0293429,0.0293429,0.0293429
7438538.539,0.0292674,0.0292674,0.0292674,0.0292674,0.0292674,0.0292674,0.0292674,0.0292674,0.0292674,0.0292674,0.0292674
7446446.446,0.0291924,0.0291924,0.0291924,0.0291924,0.0291924,0.0291924,0.0291924,0.0291924,0.0291924,0.0291924,0.0291924
7454354.354,0.0291178,0.0291178,0.0291178,0.0291178,0.0291178,0.0291178,0.0291178,0.0291178,0.0291178,0.0291178,0.0291178
7462262.262,0.0290436,0.0290436,0.0290436,0.0290436,0.0290436,0.0290436,0.0290436,0.0290436,0.0290436,0.0290436,0.0290436
7470170.17,0.0289698,0.0289698,0.0289698,0.0289698,0.0289698,0.0289698,0.0289698,0.0289698,0.0289698,0.0289698,0.0289698
7478078.078,0.0288965,0.0288965,0.0288965,0.0288965,0.0288965,0.0288965,0.0288965,0.0288965,0.0288965,0.0288965,0.0288965
7485985.986,0.0288236,0.0288236,0.0288236,0.0288236,0.0288236,0.0288236,0.0288236,0.0288236,0.0288236,0.0288236,0.0288236
7493893.894,0.028751,0.028751,0.028751,0.028751,0.028751,0.028751,0.028751,0.028751,0.028751,0.028751,0.028751
7501801.802,0.0286789,0.0286789,0.0286789,0.0286789,0.0286789,0.0286789,0.0286789,0.0286789,0.0286789,0.0286789,0.0286789
7509709.71,0.0286072,0.0286072,0.0286072,0.0286072,0.0286072,0.0286072,0.0286072,0.0286072,0.0286072,0.0286072,0.0286072
7517617.618,0.0285359,0.0285359,0.0285359,0.0285359,0.0285359,0.0285359,0.0285359,0.0285359,0.0285359,0.0285359,0.0285359
7525525.526,0.028465,0.028465,0.028465,0.028465,0.028465,0.028465,0.028465,0.028465,0.028465,0.028465,0.028465
7533433.433,0.0283945,0.0283945,0.0283945,0.0283945,0.0283945,0.0283945,0.0283945,0.0283945,0.0283945,0.0283945,0.0283945
7541341.341,0.0283244,0.0283244,0.0283244,0.0283244,0.0283244,0.0283244,0.0283244,0.0283244,0.0283244,0.0283244,0.0283244
7549249.249,0.0282547,0.0282547,0.0282547,0.0282547,0.0282547,0.0282547,0.0282547,0.0282547,0.0282547,0.0282547,0.0282547
7557157.157,0.0281853,0.0281853,0.0281853,0.0281853,0.0281853,0.0281853,0.0281853,0.0281853,0.0281853,0.0281853,0.0281853
7565065.065,0.0281163,0.0281163,0.0281163,0.0281163,0.0281163,0.0281163,0.0281163,0.0281163,0.0281163,0.0281163,0.0281163
7572972.973,0.0280478,0.0280478,0.0280478,0.0280478,0.0280478,0.0280478,0.0280478,0.0280478,0.0280478,0.0280478,0.0280478
7580880.881,0.0279795,0.0279795,0.0279795,0.0279795,0.0279795,0.0279795,0.0279795,0.0279795,0.0279795,0.0279795,0.0279795
7588788.789,0.0279117,0.0279117,0.0279117,0.0279117,0.0279117,0.0279117,0.0279117,0.0279117,0.0279117,0.0279117,0.0279117
7596696.697,0.0278442,0.0278442,0.0278442,0.0278442,0.0278442,0.0278442,0.0278442,0.0278442,0.0278442,0.0278442,0.0278442
7604604.605,0.0277771,0.0277771,0.0277771,0.0277771,0.0277771,0.0277771,0.0277771,0.0277771,0.0277771,0.0277771,0.0277771
7612512.513,0.0277104,0.0277104,0.0277104,0.0277104,0.0277104,0.0277104,0.0277104,0.0277104,0.0277104,0.0277104,0.0277104
7620420.42,0.027644,0.027644,0.027644,0.027644,0.027644,0.027644,0.027644,0.027644,0.027644,0.027644,0.027644
7628328.328,0.0275779,0.0275779,0.0275779,0.0275779,0.0275779,0.0275779,0.0275779,0.0275779,0.0275779,0.0275779,0.0275779
7636236.236,0.0275122,0.0275122,0.0275122,0.0275122,0.0275122,0.0275122,0.0275122,0.0275122,0.0275122,0.0275122,0.0275122
7644144.144,0.0274469,0.0274469,0.0274469,0.0274469,0.0274469,0.0274469,0.0274469,0.0274469,0.0274469,0.0274469,0.0274469
7652052.052,0.0273819,0.0273819,0.0273819,0.0273819,0.0273819,0.0273819,0.0273819,0.0273819,0.0273819,0.0273819,0.0273819
7659959.96,0.0273173,0.0273173,0.0273173,0.0273173,0.0273173,0.0273173,0.0273173,0.0273173,0.0273173,0.0273173,0.0273173
7667867.868,0.027253,0.027253,0.027253,0.027253,0.027253,0.027253,0.027253,0.027253,0.027253,0.027253,0.027253
7675775.776,0.027189,0.027189,0.027189,0.027189,0.027189,0.027189,0.027189,0.027189,0.027189,0.027189,0.027189
7683683.684,0.0271254,0.0271254,0.0271254,0.0271254,0.0271254,0.0271254,0.0271254,0.0271254,0.0271254,0.0271254,0.0271254
7691591.592,0.0270621,0.0270621,0.0270621,0.0270621,0.0270621,0.0270621,0.0270621,0.0270621,0.0270621,0.0270621,0.0270621
7699499.499,0.0269992,0.0269992,0.0269992,0.0269992,0.0269992,0.0269992,0.0269992,0.0269992,0.0269992,0.0269992,0.0269992
7707407.407,0.0269365,0.0269365,0.0269365,0.0269365,0.0269365,0.0269365,0.0269365,0.0269365,0.0269365,0.0269365,0.0269365
7715315.315,0.0268742,0.0268742,0.0268742,0.0268742,0.0268742,0.0268742,0.0268742,0.0268742,0.0268742,0.0268742,0.0268742
7723223.223,0.0268122,0.0268122,0.0268122,0.0268122,0.0268122,0.0268122,0.0268122,0.0268122,0.0268122,0.0268122,0.0268122
7731131.131,0.0267506,0.0267506,0.0267506,0.0267506,0.0267506,0.0267506,0.0267506,0.0267506,0.0267506,0.0267506,0.0267506
7739039.039,0.0266892,0.0266892,0.0266892,0.0266892,0.0266892,0.0266892,0.0266892,0.0266892,0.0266892,0.0266892,0.0266892
7746946.947,0.0266282,0.0266282,0.0266282,0.0266282,0.0266282,0.0266282,0.0266282,0.0266282,0.0266282,0.0266282,0.0266282
7754854.855,0.0265675,0.0265675,0.0265675,0.0265675,0.0265675,0.0265675,0.0265675,0.0265675,0.0265675,0.0265675,0.0265675
7762762.763,0.0265071,0.0265071,0.0265071,0.0265071,0.0265071,0.0265071,0.0265071,0.0265071,0.0265071,0.0265071,0.0265071
7770670.671,0.026447,0.026447,0.026447,0.026447,0.026447,0.026447,0.026447,0.026447,0.026447,0.026447,0.026447
7778578.579,0.0263872,0.0263872,0.0263872,0.0263872,0.0263872,0.0263872,0.0263872,0.0263872,0.0263872,0.0263872,0.0263872
7786486.486,0.0263277,0.0263277,0.0263277,0.0263277,0.0263277,0.0263277,0.0263277,0.0263277,0.0263277,0.0263277,0.0263277
7794394.394,0.0262685,0.0262685,0.0262685,0.0262685,0.0262685,0.0262685,0.0262685,0.0262685,0.0262685,0.0262685,0.0262685
7802302.302,0.0262096,0.0262096,0.0262096,0.0262096,0.0262096,0.0262096,0.0262096,0.0262096,0.0262096,0.0262096,0.0262096
7810210.21,0.026151,0.026151,0.026151,0.026151,0.026151,0.026151,0.026151,0.026151,0.026151,0.026151,0.026151
7818118.118,0.0260927,0.0260927,0.0260927,0.0260927,0.0260927,0.0260927,0.0260927,0.0260927,0.0260927,0.0260927,0.0260927
7826026.026,0.0260347,0.0260347,0.0260347,0.0260347,0.0260347,0.0260347,0.0260347,0.0260347,0.0260347,0.0260347,0.0260347
7833933.934,0.025977,0.025977,0.025977,0.025977,0.025977,0.025977,0.025977,0.025977,0.025977,0.025977,0.025977
7841841.842,0.0259195,0.0259195,0.0259195,0.0259195,0.0259195,0.0259195,0.0259195,0.0259195,0.0259195,0.0259195,0.0259195
7849749.75,0.0258624,0.0258624,0.0258624,0.0258624,0.0258624,0.0258624,0.0258624,0.0258624,0.0258624,0.0258624,0.0258624
7857657.658,0.0258055,0.0258055,0.0258055,0.0258055,0.0258055,0.0258055,0.0258055,0.0258055,0.0258055,0.0258055,0.0258055
7865565.566,0.0257489,0.0257489,0.0257489,0.0257489,0.0257489,0.0257489,0.0257489,0.0257489,0.0257489,0.0257489,0.0257489
7873473.473,0.0256926,0.0256926,0.0256926,0.0256926,0.0256926,0.0256926,0.0256926,0.0256926,0.0256926,0.0256926,0.0256926
7881381.381,0.0256366,0.0256366,0.0256366,0.0256366,0.0256366,0.0256366,0.0256366,0.0256366,0.0256366,0.0256366,0.0256366
7889289.289,0.0255808,0.0255808,0.0255808,0.0255808,0.0255808,0.0255808,0.0255808,0.0255808,0.0255808,0.0255808,0.0255808
7897197.197,0.0255253,0.0255253,0.0255253,0.0255253,0.0255253,0.0255253,0.0255253,0.0255253,0.0255253,0.0255253,0.0255253
7905105.105,0.0254701,0.0254701,0.0254701,0.0254701,0.0254701,0.0254701,0.0254701,0.0254701,0.0254701,0.0254701,0.0254701
7913013.013,0.0254152,0.0254152,0.0254152,0.0254152,0.0254152,0.0254152,0.0254152,0.0254152,0.0254152,0.0254152,0.0254152
7920920.921,0.0253605,0.0253605,0.0253605,0.0253605,0.0253605,0.0253605,0.0253605,0.0253605,0.0253605,0.0253605,0.0253605
7928828.829,0.0253061,0.0253061,0.0253061,0.0253061,0.0253061,0.0253061,0.0253061,0.0253061,0.0253061,0.0253061,0.0253061
7936736.737,0.0252519,0.0252519,0.0252519,0.0252519,0.0252519,0.0252519,0.0252519,0.0252519,0.0252519,0.0252519,0.0252519
7944644.645,0.025198,0.025198,0.025198,0.025198,0.025198,0.025198,0.025198,0.025198,0.025198,0.025198,0.025198
7952552.553,0.0251444,0.0251444,0.0251444,0.0251444,0.0251444,0.0251444,0.0251444,0.0251444,0.0251444,0.0251444,0.0251444
7960460.46,0.025091,0.025091,0.025091,0.025091,0.025091,0.025091,0.025091,0.025091,0.025091,0.025091,0.025091
7968368.368,0.0250378,0.0250378,0.0250378,0.0250378,0.0250378,0.0250378,0.0250378,0.0250378,0.0250378,0.0250378,0.0250378
7976276.276,0.024985,0.024985,0.024985,0.024985,0.024985,0.024985,0.024985,0.024985,0.024985,0.024985,0.024985
7984184.184,0.0249323,0.0249323,0.0249323,0.0249323,0.0249323,0.0249323,0.0249323,0.0249323,0.0249323,0.0249323,0.0249323
7992092.092,0.0248799,0.0248799,0.0248799,0.0248799,0.0248799,0.0248799,0.0248799,0.0248799,0.0248799,0.0248799,0.0248799
8000000,0.0248278,0.0248278,0.0248278,0.0248278,0.0248278,0.0248278,0.0248278,0.0248278,0.0248278,0.0248278,0.0248278
